Overall Rank,Overall Score,Size (acres),Town,Rightmove url,Price,Size (sq ft),£ per 1000 Sq Ft,Price Score,Price Rank,Competition Total,Competition Score,Competition Rank,Population Total,Population Score,Population Rank,Income Average,Income Score,Income Rank,Traffic Total,Traffic Score,Traffic Rank
1,70.13,0.20,Birmingham,https://www.rightmove.co.uk/properties/158707679,"£1,195,000","8,503 sq ft",140538.63,18.74,889,33,17.07,955,1177715,14.34,15,26250.00,13.50,28,53255,6.48,16
2,69.80,0.00,Slough,https://www.rightmove.co.uk/properties/154302413,"£1,150,000",Ask agent,0.00,20.00,1,12,18.93,805,183965,2.24,282,18600.00,9.56,276,156693,19.06,2
3,69.55,0.00,Birmingham,https://www.rightmove.co.uk/properties/160033937,"£1,795,000",Ask agent,0.00,20.00,1,19,18.31,892,1386115,16.88,6,26250.00,13.50,28,7153,0.87,388
4,68.71,0.00,Birmingham,https://www.rightmove.co.uk/properties/159937205,"£1,000,000",Ask agent,0.00,20.00,1,3,19.73,398,1226135,14.93,14,0.00,0.00,637,115475,14.05,4
5,68.68,0.00,Birmingham,https://www.rightmove.co.uk/properties/162461231,"£2,500,000",Ask agent,0.00,20.00,1,6,19.47,594,1283005,15.62,9,26250.00,13.50,28,764,0.09,766
6,68.23,9.10,Chelmsford,https://www.rightmove.co.uk/properties/156624929,POA,"396,396 sq ft",0.00,20.00,1,13,18.84,817,323548,3.94,166,17400.00,8.95,348,135657,16.50,3
7,68.07,0.40,Warrington,https://www.rightmove.co.uk/properties/125078825,"£1,000,000","17,424 sq ft",57392.10,19.49,840,4,19.64,473,189030,2.30,279,12900.00,6.63,528,164405,20.00,1
8,65.75,0.00,London,https://www.rightmove.co.uk/properties/141600575,"£2,300,000",Ask agent,0.00,20.00,1,92,11.82,989,1487257,18.11,3,20145.45,10.36,218,44853,5.46,20
9,63.87,0.00,Southend-on-Sea,https://www.rightmove.co.uk/properties/158294165,"£1,200,000",Ask agent,0.00,20.00,1,13,18.84,817,432120,5.26,119,20450.00,10.51,197,76019,9.25,9
10,62.34,3.80,Hull,https://www.rightmove.co.uk/properties/158344490,"£1,400,000","165,528 sq ft",8457.78,19.92,737,5,19.56,544,326395,3.97,163,23850.00,12.26,69,54437,6.62,15
11,61.90,1.28,Leicester,https://www.rightmove.co.uk/properties/131129720,"£1,100,000","55,757 sq ft",19728.46,19.82,787,16,18.58,864,489160,5.96,90,26300.00,13.52,24,33063,4.02,47
12,61.15,0.48,Leeds,https://www.rightmove.co.uk/properties/135107393,POA,"20,909 sq ft",0.00,20.00,1,29,17.42,947,589795,7.18,67,23633.33,12.15,74,36137,4.40,40
13,60.82,1.00,Wakefield,https://www.rightmove.co.uk/properties/144888404,POA,"43,560 sq ft",0.00,20.00,1,12,18.93,805,806655,9.82,34,19100.00,9.82,257,18435,2.24,133
14,60.74,0.22,London,https://www.rightmove.co.uk/properties/157932221,"£3,500,000","9,583 sq ft",365230.09,16.74,961,95,11.56,991,1448243,17.63,5,21475.00,11.04,143,30986,3.77,59
15,60.59,356.26,Milton Keynes,https://www.rightmove.co.uk/properties/162039161,"£4,000,000","15,518,686 sq ft",257.75,20.00,625,0,20.00,1,8865,0.11,799,38900.00,20.00,1,4003,0.49,518
16,60.06,0.00,Croydon,https://www.rightmove.co.uk/properties/161027783,"£1,250,000",Ask agent,0.00,20.00,1,21,18.13,909,721802,8.79,48,24400.00,12.54,53,4852,0.59,484
17,60.01,0.44,Liverpool,https://www.rightmove.co.uk/properties/158637767,POA,"19,025 sq ft",0.00,20.00,1,27,17.60,934,759610,9.25,41,20100.00,10.33,219,23255,2.83,100
18,59.62,0.00,Croydon,https://www.rightmove.co.uk/properties/160595267,"£1,250,000",Ask agent,0.00,20.00,1,20,18.22,896,721802,8.79,48,24400.00,12.54,53,513,0.06,811
19,59.52,1.85,Chelmsford,https://www.rightmove.co.uk/properties/146123510,"£1,500,000","80,586 sq ft",18613.65,19.83,785,4,19.64,473,62550,0.76,514,25000.00,12.85,49,52864,6.43,17
20,59.52,347.00,Nottingham,https://www.rightmove.co.uk/properties/159320780,"£4,500,000","15,115,320 sq ft",297.71,20.00,643,8,19.29,692,418845,5.10,123,19350.00,9.95,250,42595,5.18,22
21,59.39,0.00,Kingston upon Thames,https://www.rightmove.co.uk/properties/160134797,"£1,600,000",Ask agent,0.00,20.00,1,20,18.22,896,419831,5.11,122,21171.43,10.89,153,42474,5.17,23
22,59.30,0.00,Southend-on-Sea,https://www.rightmove.co.uk/properties/157418843,"£1,150,000",Ask agent,0.00,20.00,1,4,19.64,473,149820,1.82,322,21100.00,10.85,158,57442,6.99,14
23,59.30,0.00,Bristol,https://www.rightmove.co.uk/properties/162696992,"£1,100,000",Ask agent,0.00,20.00,1,29,17.42,947,616030,7.50,60,27050.00,13.91,16,3859,0.47,528
24,59.26,0.74,Slough,https://www.rightmove.co.uk/properties/161418242,POA,"32,371 sq ft",0.00,20.00,1,7,19.38,648,249115,3.03,226,28200.00,14.50,6,19322,2.35,127
25,59.20,0.00,Bristol,https://www.rightmove.co.uk/properties/143130830,"£1,300,000",Ask agent,0.00,20.00,1,34,16.98,957,618210,7.53,59,27050.00,13.91,16,6448,0.78,408
26,59.06,3.28,Bristol,https://www.rightmove.co.uk/properties/154064357,POA,"142,877 sq ft",0.00,20.00,1,27,17.60,934,607515,7.40,65,27050.00,13.91,16,1257,0.15,696
27,58.99,0.23,Bristol,https://www.rightmove.co.uk/properties/154855034,POA,"9,837 sq ft",0.00,20.00,1,28,17.51,940,616030,7.50,60,27050.00,13.91,16,604,0.07,788
28,58.91,0.00,Birmingham,https://www.rightmove.co.uk/properties/130296224,"£7,000,000",Ask agent,0.00,20.00,1,7,19.38,648,1463910,17.82,4,0.00,0.00,637,14025,1.71,214
29,58.78,0.00,Bristol,https://www.rightmove.co.uk/properties/158164766,"£1,400,000",Ask agent,0.00,20.00,1,23,17.96,916,607655,7.40,64,25566.67,13.14,41,2288,0.28,616
30,58.72,0.00,Cambridge,https://www.rightmove.co.uk/properties/151533824,"£1,500,000",Ask agent,0.00,20.00,1,11,19.02,775,176040,2.14,288,27800.00,14.29,11,26840,3.27,81
31,58.72,0.00,Slough,https://www.rightmove.co.uk/properties/150350780,"£3,500,000",Ask agent,0.00,20.00,1,12,18.93,805,283030,3.45,196,25433.33,13.08,44,26816,3.26,82
32,58.58,9.50,Sheffield,https://www.rightmove.co.uk/properties/160049672,POA,"413,820 sq ft",0.00,20.00,1,10,19.11,747,650800,7.92,56,20200.00,10.39,208,9557,1.16,314
33,58.56,0.25,Stockport,https://www.rightmove.co.uk/properties/152592497,"£2,350,000","10,759 sq ft",218421.79,18.05,920,16,18.58,864,857870,10.45,28,16220.00,8.34,403,25891,3.15,84
34,58.40,2.72,Sheffield,https://www.rightmove.co.uk/properties/155981630,"£1,100,000","118,483 sq ft",9284.03,19.92,744,23,17.96,916,518815,6.32,80,21150.00,10.87,154,27393,3.33,78
35,58.33,0.85,Leicester,https://www.rightmove.co.uk/properties/159420464,"£2,000,000","37,070 sq ft",53951.98,19.52,838,16,18.58,864,489160,5.96,90,26300.00,13.52,24,6195,0.75,425
36,58.27,0.28,Chelmsford,https://www.rightmove.co.uk/properties/151663916,"£2,700,000","12,163 sq ft",221984.71,18.02,922,2,19.82,316,64660,0.79,501,22900.00,11.77,86,64732,7.87,10
37,58.23,0.28,Liverpool,https://www.rightmove.co.uk/properties/158763290,POA,"12,240-37,157 sq ft",0.00,20.00,1,34,16.98,957,824695,10.04,31,15980.00,8.22,412,24596,2.99,92
38,58.17,0.49,Stockport,https://www.rightmove.co.uk/properties/161857661,"£1,037,000","21,507 sq ft",48216.86,19.57,836,17,18.49,877,751060,9.14,45,18233.33,9.37,304,13083,1.59,234
39,58.14,0.00,Hull,https://www.rightmove.co.uk/properties/136493555,"£1,100,000",Ask agent,0.00,20.00,1,4,19.64,473,285925,3.48,194,29000.00,14.91,4,848,0.10,757
40,58.11,0.36,Manchester,https://www.rightmove.co.uk/properties/151940480,"£2,750,000","15,577 sq ft",176542.34,18.42,907,50,15.56,971,703205,8.56,51,25033.33,12.87,48,22186,2.70,108
41,58.10,0.00,Birmingham,https://www.rightmove.co.uk/properties/135512849,"£2,000,000",Ask agent,0.00,20.00,1,29,17.42,947,1642565,20.00,1,0.00,0.00,637,5582,0.68,457
42,58.09,0.00,Walsall,https://www.rightmove.co.uk/properties/153772949,Offers Invited,Ask agent,0.00,20.00,1,7,19.38,648,467880,5.70,105,25000.00,12.85,49,1290,0.16,692
43,58.04,1.00,Tunbridge Wells,https://www.rightmove.co.uk/properties/161118905,"£1,000,000","43,560-65,340 sq ft",22956.84,19.79,797,7,19.38,648,86850,1.06,448,29300.00,15.06,2,22585,2.75,104
44,58.02,1.20,Leicester,https://www.rightmove.co.uk/properties/162206771,"£1,100,000","52,272 sq ft",21043.77,19.81,794,19,18.31,892,465340,5.67,106,26300.00,13.52,24,5854,0.71,447
45,58.00,0.00,Slough,https://www.rightmove.co.uk/properties/159793715,"£2,200,000",Ask agent,0.00,20.00,1,9,19.20,717,238110,2.90,234,24033.33,12.36,67,29137,3.54,66
46,57.99,0.67,Leeds,https://www.rightmove.co.uk/properties/151147562,"£1,350,000","29,185 sq ft",46256.64,19.59,833,28,17.51,940,536280,6.53,78,23633.33,12.15,74,18204,2.21,135
47,57.89,0.00,Harrow,https://www.rightmove.co.uk/properties/157861922,POA,Ask agent,0.00,20.00,1,24,17.87,921,762156,9.28,38,17166.67,8.83,354,15798,1.92,175
48,57.77,8.70,"10 The Rock
Bury
BL9 0NT",https://www.rightmove.co.uk/properties/142655393,"£14,000,000","378,972 sq ft",36942.04,19.67,825,22,18.04,914,814340,9.92,32,12316.67,6.33,550,31326,3.81,54
49,57.50,7.02,Romford,https://www.rightmove.co.uk/properties/160383869,POA,"305,791 sq ft",0.00,20.00,1,14,18.76,831,484695,5.90,94,18225.00,9.37,305,28573,3.48,69
50,57.47,0.09,Bristol,https://www.rightmove.co.uk/properties/155620115,"£1,850,000","4,015 sq ft",460772.10,15.88,969,29,17.42,947,591600,7.20,66,27050.00,13.91,16,25098,3.05,90
51,57.29,0.00,Slough,https://www.rightmove.co.uk/properties/161883116,"£1,999,999",Ask agent,0.00,20.00,1,6,19.47,594,260570,3.17,217,28200.00,14.50,6,1231,0.15,699
51,57.29,0.00,Slough,https://www.rightmove.co.uk/properties/161902760,"£1,999,999",Ask agent,0.00,20.00,1,6,19.47,594,260570,3.17,217,28200.00,14.50,6,1231,0.15,699
53,57.22,1.05,Romford,https://www.rightmove.co.uk/properties/147434516,"£2,000,000","45,738 sq ft",43727.32,19.61,830,11,19.02,775,320043,3.90,170,18650.00,9.59,274,41930,5.10,27
54,57.20,0.00,Stockport,https://www.rightmove.co.uk/properties/160716551,"£1,250,000",Ask agent,0.00,20.00,1,12,18.93,805,846930,10.31,30,14825.00,7.62,448,2714,0.33,582
55,57.17,0.00,London,https://www.rightmove.co.uk/properties/162119180,"£2,500,000",Ask agent,0.00,20.00,1,38,16.62,963,896023,10.91,26,16275.00,8.37,401,10441,1.27,295
56,57.00,0.00,Bournemouth,https://www.rightmove.co.uk/properties/162060905,"£3,500,000",Ask agent,0.00,20.00,1,9,19.20,717,386445,4.71,133,23200.00,11.93,84,9550,1.16,315
57,56.96,0.76,Harrow,https://www.rightmove.co.uk/properties/153563633,"£2,500,000","33,106 sq ft",75515.01,19.33,859,25,17.78,925,630831,7.68,57,18816.67,9.67,267,20605,2.51,113
58,56.94,0.00,Slough,https://www.rightmove.co.uk/properties/162293690,"£2,000,000",Ask agent,0.00,20.00,1,4,19.64,473,371625,4.52,137,21300.00,10.95,147,14979,1.82,194
59,56.88,1.00,Slough,https://www.rightmove.co.uk/properties/162144341,"£1,999,999","43,560 sq ft",45913.66,19.59,832,6,19.47,594,260570,3.17,217,28200.00,14.50,6,1231,0.15,699
60,56.74,0.00,Enfield,https://www.rightmove.co.uk/properties/160738712,"£1,200,000",Ask agent,0.00,20.00,1,8,19.29,692,452976,5.52,110,19050.00,9.79,260,17605,2.14,143
61,56.67,0.00,London,https://www.rightmove.co.uk/properties/127123199,"£2,750,000",Ask agent,0.00,20.00,1,38,16.62,963,660425,8.04,55,18014.29,9.26,317,22595,2.75,103
62,56.64,722.93,Luton,https://www.rightmove.co.uk/properties/161852555,"£6,000,000","31,490,831 sq ft",190.53,20.00,586,4,19.64,473,268610,3.27,207,22800.00,11.72,89,16474,2.00,157
63,56.64,1278.00,Luton,https://www.rightmove.co.uk/properties/161403437,"£12,000,000","55,669,680 sq ft",215.56,20.00,599,4,19.64,473,268610,3.27,207,22800.00,11.72,89,16474,2.00,157
64,56.64,260.03,Luton,https://www.rightmove.co.uk/properties/161853548,"£3,150,000","11,326,907 sq ft",278.10,20.00,638,4,19.64,473,268610,3.27,207,22800.00,11.72,89,16474,2.00,157
65,56.60,1.50,Nottingham,https://www.rightmove.co.uk/properties/152408045,"£3,500,000","65,340 sq ft",53565.96,19.52,837,6,19.47,594,448885,5.47,113,20900.00,10.75,163,11540,1.40,271
66,56.53,0.00,Reading,https://www.rightmove.co.uk/properties/140924405,"£1,170,000",Ask agent,0.00,20.00,1,16,18.58,864,240835,2.93,232,29000.00,14.91,4,931,0.11,746
67,56.36,0.13,Guildford,https://www.rightmove.co.uk/properties/161920799,"£1,500,000","5,581-8,460 sq ft",268769.04,17.60,938,12,18.93,805,115430,1.41,392,27700.00,14.24,12,34344,4.18,42
67,56.36,0.13,Guildford,https://www.rightmove.co.uk/properties/161931917,"£1,500,000","5,581-8,460 sq ft",268769.04,17.60,938,12,18.93,805,115430,1.41,392,27700.00,14.24,12,34344,4.18,42
69,56.15,0.30,Nottingham,https://www.rightmove.co.uk/properties/149006171,"£2,200,000","13,068 sq ft",168350.17,18.50,902,16,18.58,864,526385,6.41,79,20900.00,10.75,163,15767,1.92,177
70,56.03,0.00,Birmingham,https://www.rightmove.co.uk/properties/148343387,"£2,500,000",Ask agent,0.00,20.00,1,7,19.38,648,1241030,15.11,10,0.00,0.00,637,12636,1.54,246
71,55.98,0.00,Bournemouth,https://www.rightmove.co.uk/properties/157949795,"£2,500,000",Ask agent,0.00,20.00,1,17,18.49,877,341595,4.16,147,21500.00,11.05,140,18687,2.27,130
72,55.95,2.83,Bristol,https://www.rightmove.co.uk/properties/149433740,"£1,300,000","123,057 sq ft",10564.21,19.91,750,11,19.02,775,459820,5.60,107,0.00,0.00,637,93910,11.42,6
73,55.95,1.38,Exeter,https://www.rightmove.co.uk/properties/159221831,POA,"60,113 sq ft",0.00,20.00,1,4,19.64,473,25455,0.31,665,23700.00,12.19,72,31320,3.81,55
74,55.84,1.05,Watford,https://www.rightmove.co.uk/properties/141224813,"£4,000,000","45,616 sq ft",87688.53,19.22,867,18,18.40,886,227850,2.77,244,21100.00,10.85,158,37863,4.61,35
75,55.84,0.00,Nottingham,https://www.rightmove.co.uk/properties/129363860,"£1,350,000",Ask agent,0.00,20.00,1,10,19.11,747,486375,5.92,92,20900.00,10.75,163,467,0.06,819
76,55.80,0.00,Guildford,https://www.rightmove.co.uk/properties/157270949,"£1,350,000",Ask agent,0.00,20.00,1,4,19.64,473,104295,1.27,409,22800.00,11.72,89,26022,3.17,83
77,55.80,0.00,London,https://www.rightmove.co.uk/properties/149254748,"£2,000,000",Ask agent,0.00,20.00,1,36,16.80,959,669556,8.15,53,17516.67,9.01,346,15116,1.84,191
78,55.76,0.00,London,https://www.rightmove.co.uk/properties/67523325,"£10,500,000",Ask agent,0.00,20.00,1,37,16.71,960,479860,5.84,99,18300.00,9.41,297,31256,3.80,56
79,55.76,0.00,Slough,https://www.rightmove.co.uk/properties/148494485,"£2,000,000",Ask agent,0.00,20.00,1,5,19.56,544,209970,2.56,259,23750.00,12.21,71,11845,1.44,262
80,55.74,0.00,Liverpool,https://www.rightmove.co.uk/properties/153249380,"£1,350,000",Ask agent,0.00,20.00,1,7,19.38,648,774485,9.43,37,13250.00,6.81,522,1025,0.12,728
81,55.71,0.00,Tunbridge Wells,https://www.rightmove.co.uk/properties/139350998,"£1,000,000",Ask agent,0.00,20.00,1,0,20.00,1,33330,0.41,620,26400.00,13.57,22,14195,1.73,211
82,55.66,0.00,Nottingham,https://www.rightmove.co.uk/properties/155150603,Offers Invited,Ask agent,0.00,20.00,1,17,18.49,877,516920,6.29,81,20900.00,10.75,163,1064,0.13,720
83,55.66,0.00,Preston,https://www.rightmove.co.uk/properties/155820626,"£1,200,000",Ask agent,0.00,20.00,1,6,19.47,594,312285,3.80,176,10400.00,5.35,583,57880,7.04,12
84,55.65,0.00,Twickenham,https://www.rightmove.co.uk/properties/159081563,"£2,200,000",Ask agent,0.00,20.00,1,41,16.36,967,194894,2.37,271,22866.67,11.76,88,42467,5.17,24
85,55.57,0.00,Croydon,https://www.rightmove.co.uk/properties/129069251,"£2,900,000",Ask agent,0.00,20.00,1,28,17.51,940,392224,4.78,128,24400.00,12.54,53,6084,0.74,433
86,55.57,0.00,Bournemouth,https://www.rightmove.co.uk/properties/143012111,"£3,395,000",Ask agent,0.00,20.00,1,9,19.20,717,337460,4.11,155,21500.00,11.05,140,9886,1.20,308
87,55.51,0.00,Warrington,https://www.rightmove.co.uk/properties/152570963,"£1,400,000",Ask agent,0.00,20.00,1,1,19.91,187,162050,1.97,307,25600.00,13.16,38,3852,0.47,529
88,55.50,0.14,Twickenham,https://www.rightmove.co.uk/properties/145958246,"£1,200,000","6,017 sq ft",199434.93,18.22,914,23,17.96,916,302208,3.68,179,19900.00,10.23,221,44533,5.42,21
89,55.49,0.06,Kingston upon Thames,https://www.rightmove.co.uk/properties/141236165,"£1,000,000","2,820 sq ft",354609.93,16.83,959,24,17.87,921,539997,6.58,77,23866.67,12.27,68,16019,1.95,168
90,55.48,0.00,Bournemouth,https://www.rightmove.co.uk/properties/156283085,"£3,395,000",Ask agent,0.00,20.00,1,10,19.11,747,337460,4.11,155,21500.00,11.05,140,9886,1.20,308
91,55.46,0.45,Slough,https://www.rightmove.co.uk/properties/158642681,"£3,850,000","19,723 sq ft",195203.57,18.26,912,7,19.38,648,249015,3.03,227,28200.00,14.50,6,2472,0.30,597
92,55.44,0.00,Nottingham,https://www.rightmove.co.uk/properties/154497839,"£1,300,000",Ask agent,0.00,20.00,1,1,19.91,187,450010,5.48,112,17750.00,9.13,334,7564,0.92,378
93,55.42,11.30,Medway,https://www.rightmove.co.uk/properties/155340599,POA,"492,228 sq ft",0.00,20.00,1,6,19.47,594,129435,1.58,372,25450.00,13.08,42,10643,1.29,284
94,55.42,0.00,London,https://www.rightmove.co.uk/properties/161686835,"£4,500,000",Ask agent,0.00,20.00,1,29,17.42,947,341221,4.15,148,20275.00,10.42,207,28078,3.42,71
95,55.36,0.00,Hemel Hempstead,https://www.rightmove.co.uk/properties/156872657,"£1,150,000",Ask agent,0.00,20.00,1,3,19.73,398,316075,3.85,172,21300.00,10.95,147,6761,0.82,394
96,55.35,0.00,Chelmsford,https://www.rightmove.co.uk/properties/154000355,"£1,350,000",Ask agent,0.00,20.00,1,4,19.64,473,150500,1.83,317,25100.00,12.90,47,7981,0.97,360
97,55.34,0.00,Gloucester,https://www.rightmove.co.uk/properties/161446043,"£1,400,000",Ask agent,0.00,20.00,1,15,18.67,850,136365,1.66,359,23400.00,12.03,77,24524,2.98,93
98,55.32,0.00,Bromley,https://www.rightmove.co.uk/properties/156874202,"£2,400,000",Ask agent,0.00,20.00,1,12,18.93,805,329578,4.01,160,20325.00,10.45,203,15795,1.92,176
99,55.32,0.00,Chelmsford,https://www.rightmove.co.uk/properties/162467741,"£3,500,000",Ask agent,0.00,20.00,1,6,19.47,594,126125,1.54,379,21300.00,10.95,147,27641,3.36,77
100,55.30,0.00,Redhill,https://www.rightmove.co.uk/properties/162637265,"£2,500,000",Ask agent,0.00,20.00,1,7,19.38,648,155060,1.89,312,26000.00,13.37,33,5488,0.67,460
101,55.29,1.98,Tunbridge Wells,https://www.rightmove.co.uk/properties/160998071,"£1,600,000","86,249 sq ft",18550.94,19.83,784,8,19.29,692,88590,1.08,445,29300.00,15.06,2,230,0.03,892
102,55.25,1695.00,Warrington,https://www.rightmove.co.uk/properties/160097444,POA,"73,834,200 sq ft",0.00,20.00,1,16,18.58,864,310655,3.78,177,17780.00,9.14,333,30829,3.75,61
103,55.25,0.00,Enfield,https://www.rightmove.co.uk/properties/161920742,"£1,800,000",Ask agent,0.00,20.00,1,10,19.11,747,454711,5.54,109,19750.00,10.15,230,3685,0.45,543
104,55.24,0.00,Redhill,https://www.rightmove.co.uk/properties/160283186,"£2,500,000",Ask agent,0.00,20.00,1,7,19.38,648,150150,1.83,321,26000.00,13.37,33,5488,0.67,460
105,55.24,0.00,Hull,https://www.rightmove.co.uk/properties/131700299,"£1,300,000",Ask agent,0.00,20.00,1,3,19.73,398,326800,3.98,162,22200.00,11.41,114,907,0.11,749
106,55.17,0.00,Bristol,https://www.rightmove.co.uk/properties/159283238,"£1,000,000",Ask agent,0.00,20.00,1,9,19.20,717,282455,3.44,197,22600.00,11.62,97,7498,0.91,380
107,55.17,0.00,Chester,https://www.rightmove.co.uk/properties/153033773,"£1,500,000",Ask agent,0.00,20.00,1,28,17.51,940,759610,9.25,41,13860.00,7.13,510,10525,1.28,292
108,55.12,0.72,Portsmouth,https://www.rightmove.co.uk/properties/87024141,"£1,000,000","31,363 sq ft",31884.70,19.72,818,11,19.02,775,112525,1.37,400,20150.00,10.36,216,38240,4.65,33
109,55.10,28.07,St Albans,https://www.rightmove.co.uk/properties/158461247,POA,"1,222,779 sq ft",0.00,20.00,1,6,19.47,594,209185,2.55,260,22200.00,11.41,114,13775,1.68,221
110,55.09,5.10,Cleveland,https://www.rightmove.co.uk/properties/147761048,"£2,500,000","222,156 sq ft",11253.35,19.90,754,16,18.58,864,296585,3.61,183,18200.00,9.36,306,29927,3.64,63
111,55.08,1.55,Norwich,https://www.rightmove.co.uk/properties/138874607,"£1,150,000","67,518 sq ft",17032.50,19.85,781,9,19.20,717,228145,2.78,243,20200.00,10.39,208,23556,2.87,97
112,54.93,0.10,London,https://www.rightmove.co.uk/properties/158058788,"£1,600,000","4,356 sq ft",367309.46,16.72,962,39,16.53,966,975514,11.88,19,13062.50,6.72,527,25384,3.09,87
113,54.76,0.00,Twickenham,https://www.rightmove.co.uk/properties/159210767,"£6,500,000",Ask agent,0.00,20.00,1,37,16.71,960,485382,5.91,93,21125.00,10.86,156,10539,1.28,290
114,54.76,2.92,Chelmsford,https://www.rightmove.co.uk/properties/159231152,POA,"127,195 sq ft",0.00,20.00,1,4,19.64,473,56060,0.68,540,25950.00,13.34,36,8999,1.09,329
115,54.76,0.41,Southend-on-Sea,https://www.rightmove.co.uk/properties/161230607,"£1,500,000","17,693 sq ft",84779.29,19.24,865,11,19.02,775,456230,5.56,108,18100.00,9.31,313,13453,1.64,228
116,54.67,8.82,Hull,https://www.rightmove.co.uk/properties/161152919,POA,"384,199 sq ft",0.00,20.00,1,5,19.56,544,324565,3.95,164,18700.00,9.61,272,12760,1.55,244
117,54.66,0.45,Chester,https://www.rightmove.co.uk/properties/161741297,POA,"19,574 sq ft",0.00,20.00,1,27,17.60,934,798525,9.72,35,13860.00,7.13,510,1751,0.21,648
118,54.64,0.00,Southend-on-Sea,https://www.rightmove.co.uk/properties/161703017,"£1,295,000",Ask agent,0.00,20.00,1,14,18.76,831,195160,2.38,268,20533.33,10.56,190,24220,2.95,95
119,54.63,0.25,London,https://www.rightmove.co.uk/properties/161987087,"£1,850,000","11,000 sq ft",168181.82,18.50,901,64,14.31,985,660427,8.04,54,19318.18,9.93,252,31652,3.85,53
120,54.63,0.32,Sheffield,https://www.rightmove.co.uk/properties/96560473,"£2,200,000","13,939 sq ft",157830.55,18.59,896,11,19.02,775,501855,6.11,84,21150.00,10.87,154,249,0.03,886
121,54.61,0.09,Canterbury,https://www.rightmove.co.uk/properties/162129476,"£1,100,000","4,080 sq ft",269607.84,17.59,940,8,19.29,692,68295,0.83,493,26100.00,13.42,31,28605,3.48,68
122,54.58,0.00,Derby,https://www.rightmove.co.uk/properties/153774086,Offers Invited,Ask agent,0.00,20.00,1,13,18.84,817,279245,3.40,199,23800.00,12.24,70,822,0.10,759
123,54.53,1.88,Medway,https://www.rightmove.co.uk/properties/156596708,POA,"81,675 sq ft",0.00,20.00,1,8,19.29,692,167295,2.04,295,25450.00,13.08,42,1013,0.12,732
124,54.53,0.00,Kingston upon Thames,https://www.rightmove.co.uk/properties/158393516,POA,Ask agent,0.00,20.00,1,13,18.84,817,169805,2.07,292,26000.00,13.37,33,2048,0.25,626
125,54.52,0.00,Blackburn,https://www.rightmove.co.uk/properties/159663719,"£1,350,000",Ask agent,0.00,20.00,1,9,19.20,717,172730,2.10,291,21350.00,10.98,146,18430,2.24,134
126,54.52,0.00,Portsmouth,https://www.rightmove.co.uk/properties/152499233,"£1,000,000",Ask agent,0.00,20.00,1,11,19.02,775,293415,3.57,187,21050.00,10.82,161,9062,1.10,325
127,54.51,0.00,Peterborough,https://www.rightmove.co.uk/properties/151620995,"£1,125,000",Ask agent,0.00,20.00,1,4,19.64,473,48220,0.59,569,16766.67,8.62,382,46496,5.66,19
128,54.44,0.00,Watford,https://www.rightmove.co.uk/properties/159199277,"£3,900,000",Ask agent,0.00,20.00,1,7,19.38,648,235430,2.87,236,20500.00,10.54,194,13649,1.66,224
128,54.44,0.00,Watford,https://www.rightmove.co.uk/properties/159271415,"£3,900,000",Ask agent,0.00,20.00,1,7,19.38,648,235430,2.87,236,20500.00,10.54,194,13649,1.66,224
130,54.42,0.00,Gloucester,https://www.rightmove.co.uk/properties/148832048,"£1,400,000",Ask agent,0.00,20.00,1,13,18.84,817,137800,1.68,351,23400.00,12.03,77,15357,1.87,186
131,54.41,0.00,Slough,https://www.rightmove.co.uk/properties/148103555,"£1,950,000",Ask agent,0.00,20.00,1,14,18.76,831,495901,6.04,87,18600.00,9.56,276,444,0.05,826
131,54.41,0.00,Slough,https://www.rightmove.co.uk/properties/157819376,"£1,950,000",Ask agent,0.00,20.00,1,14,18.76,831,495901,6.04,87,18600.00,9.56,276,444,0.05,826
133,54.39,0.00,Croydon,https://www.rightmove.co.uk/properties/160015265,"£1,000,000",Ask agent,0.00,20.00,1,27,17.60,934,392224,4.78,128,14600.00,7.51,466,37070,4.51,37
134,54.39,0.35,Medway,https://www.rightmove.co.uk/properties/148480505,"£1,800,000","15,220 sq ft",118265.44,18.94,879,8,19.29,692,274145,3.34,203,20200.00,10.39,208,19979,2.43,121
135,54.38,0.00,Ilford,https://www.rightmove.co.uk/properties/148917620,"£2,000,000",Ask agent,0.00,20.00,1,6,19.47,594,64650,0.79,502,24400.00,12.54,53,13037,1.59,236
135,54.38,0.00,Ilford,https://www.rightmove.co.uk/properties/160987442,"£2,000,000",Ask agent,0.00,20.00,1,6,19.47,594,64650,0.79,502,24400.00,12.54,53,13037,1.59,236
137,54.38,0.00,Brighton,https://www.rightmove.co.uk/properties/126756281,"£1,500,000",Ask agent,0.00,20.00,1,15,18.67,850,277105,3.37,201,22800.00,11.72,89,5068,0.62,473
138,54.33,0.00,Southampton,https://www.rightmove.co.uk/properties/159809279,"£1,600,000",Ask agent,0.00,20.00,1,9,19.20,717,355360,4.33,142,20866.67,10.73,169,623,0.08,787
139,54.30,0.00,Oxford,https://www.rightmove.co.uk/properties/144216479,"£2,500,000",Ask agent,0.00,20.00,1,8,19.29,692,218260,2.66,253,22600.00,11.62,97,6047,0.74,441
140,54.28,0.00,Kingston upon Thames,https://www.rightmove.co.uk/properties/150183608,"£1,150,000",Ask agent,0.00,20.00,1,20,18.22,896,268302,3.27,210,20666.67,10.63,182,17790,2.16,142
141,54.27,2.63,Romford,https://www.rightmove.co.uk/properties/157562906,POA,"114,563 sq ft",0.00,20.00,1,25,17.78,925,252200,3.07,223,20400.00,10.49,199,24128,2.94,96
142,54.25,0.00,Telford,https://www.rightmove.co.uk/properties/155646386,"£1,800,000",Ask agent,0.00,20.00,1,9,19.20,717,165890,2.02,297,23700.00,12.19,72,6909,0.84,392
143,54.22,0.00,Bath,https://www.rightmove.co.uk/properties/159023588,"£1,400,000",Ask agent,0.00,20.00,1,14,18.76,831,101410,1.23,416,22400.00,11.52,105,22304,2.71,106
144,54.22,0.08,Harrow,https://www.rightmove.co.uk/properties/154582001,"£1,650,000","3,680 sq ft",448369.57,15.99,968,42,16.27,968,711158,8.66,50,18500.00,9.51,280,31132,3.79,57
145,54.21,0.17,St Albans,https://www.rightmove.co.uk/properties/87109470,"£1,750,000","7,491 sq ft",233613.67,17.91,926,3,19.73,398,279060,3.40,200,22200.00,11.41,114,14389,1.75,205
146,54.18,1.29,Bishops Stortford,https://www.rightmove.co.uk/properties/157009427,Offers Invited,"56,192-346,738 sq ft",0.00,20.00,1,1,19.91,187,56655,0.69,535,25000.00,12.85,49,5948,0.72,444
147,54.17,0.00,Kingston upon Thames,https://www.rightmove.co.uk/properties/160399748,"£1,200,000",Ask agent,0.00,20.00,1,27,17.60,934,473526,5.77,103,20683.33,10.63,181,1362,0.17,684
148,54.13,0.00,Luton,https://www.rightmove.co.uk/properties/162598265,"£1,200,000",Ask agent,0.00,20.00,1,8,19.29,692,290725,3.54,190,18066.67,9.29,315,16537,2.01,156
149,54.13,7.25,Liverpool,https://www.rightmove.co.uk/properties/152208044,POA,"315,810 sq ft",0.00,20.00,1,18,18.40,886,787005,9.58,36,8700.00,4.47,603,13748,1.67,222
150,54.10,0.00,Warrington,https://www.rightmove.co.uk/properties/146364326,Offers Invited,Ask agent,0.00,20.00,1,8,19.29,692,402690,4.90,127,17100.00,8.79,356,9163,1.11,324
151,54.09,0.00,Twickenham,https://www.rightmove.co.uk/properties/143773079,"£1,800,000",Ask agent,0.00,20.00,1,20,18.22,896,302208,3.68,179,19900.00,10.23,221,16052,1.95,167
152,54.07,0.93,Watford,https://www.rightmove.co.uk/properties/153473741,"£2,500,000","40,511 sq ft",61711.63,19.45,847,11,19.02,775,259810,3.16,220,24100.00,12.39,63,391,0.05,841
153,54.06,0.00,Redhill,https://www.rightmove.co.uk/properties/159676277,POA,Ask agent,0.00,20.00,1,6,19.47,594,58305,0.71,530,18400.00,9.46,288,36365,4.42,39
154,54.05,0.00,Kingston upon Thames,https://www.rightmove.co.uk/properties/152082770,"£4,950,000",Ask agent,0.00,20.00,1,10,19.11,747,190000,2.31,277,20800.00,10.69,171,15866,1.93,170
155,54.00,0.00,Kingston upon Thames,https://www.rightmove.co.uk/properties/147696683,"£7,500,000",Ask agent,0.00,20.00,1,7,19.38,648,164170,2.00,299,20800.00,10.69,171,15866,1.93,170
155,54.00,0.00,Kingston upon Thames,https://www.rightmove.co.uk/properties/160073405,"£17,000,000",Ask agent,0.00,20.00,1,7,19.38,648,164170,2.00,299,20800.00,10.69,171,15866,1.93,170
155,54.00,0.00,Kingston upon Thames,https://www.rightmove.co.uk/properties/146215985,"£17,000,000",Ask agent,0.00,20.00,1,7,19.38,648,164170,2.00,299,20800.00,10.69,171,15866,1.93,170
158,53.98,0.59,Hemel Hempstead,https://www.rightmove.co.uk/properties/160990805,"£2,000,000","25,700 sq ft",77821.01,19.30,860,9,19.20,717,150160,1.83,319,25600.00,13.16,38,3988,0.49,520
159,53.98,1.45,Medway,https://www.rightmove.co.uk/properties/147196781,POA,"63,162 sq ft",0.00,20.00,1,9,19.20,717,267775,3.26,211,20200.00,10.39,208,9313,1.13,320
160,53.94,120.32,Romford,https://www.rightmove.co.uk/properties/162350456,"£2,600,000","5,241,139 sq ft",496.08,20.00,671,1,19.91,187,76085,0.93,471,22566.67,11.60,102,12373,1.51,253
161,53.92,0.00,Stevenage,https://www.rightmove.co.uk/properties/147688625,POA,Ask agent,0.00,20.00,1,3,19.73,398,24970,0.30,670,19500.00,10.03,243,31736,3.86,50
161,53.92,0.00,Stevenage,https://www.rightmove.co.uk/properties/147688373,POA,Ask agent,0.00,20.00,1,3,19.73,398,24970,0.30,670,19500.00,10.03,243,31736,3.86,50
163,53.92,0.30,Hemel Hempstead,https://www.rightmove.co.uk/properties/160990820,"£1,100,000","13,068 sq ft",84175.08,19.25,863,9,19.20,717,150160,1.83,319,25600.00,13.16,38,3988,0.49,520
164,53.92,5.00,Medway,https://www.rightmove.co.uk/properties/158608643,"£2,750,000","217,800-975,744 sq ft",12626.26,19.89,765,1,19.91,187,79130,0.96,466,22200.00,11.41,114,14339,1.74,206
165,53.88,3.18,Birmingham,https://www.rightmove.co.uk/properties/158679728,"£1,150,000","138,521 sq ft",8301.99,19.93,735,7,19.38,648,137605,1.68,352,18500.00,9.51,280,27834,3.39,73
166,53.84,0.00,Canterbury,https://www.rightmove.co.uk/properties/153002678,"£2,750,000",Ask agent,0.00,20.00,1,5,19.56,544,63470,0.77,511,26100.00,13.42,31,773,0.09,765
167,53.84,0.24,Leicester,https://www.rightmove.co.uk/properties/155407946,"£1,950,000","10,405 sq ft",187409.90,18.32,910,15,18.67,850,447110,5.44,115,21900.00,11.26,129,1162,0.14,709
167,53.84,0.24,Leicester,https://www.rightmove.co.uk/properties/157490882,"£1,950,000","10,405 sq ft",187409.90,18.32,910,15,18.67,850,447110,5.44,115,21900.00,11.26,129,1162,0.14,709
169,53.81,0.00,Kingston upon Thames,https://www.rightmove.co.uk/properties/154196402,"£1,050,000",Ask agent,0.00,20.00,1,18,18.40,886,247645,3.02,228,20525.00,10.55,191,15118,1.84,189
170,53.76,0.80,Luton,https://www.rightmove.co.uk/properties/160221839,"£2,400,000","34,848 sq ft",68870.52,19.38,857,4,19.64,473,235150,2.86,238,22800.00,11.72,89,1177,0.14,704
171,53.76,3.34,Nottingham,https://www.rightmove.co.uk/properties/157741175,"£1,500,000","145,490 sq ft",10309.99,19.91,748,17,18.49,877,446310,5.43,117,19250.00,9.90,256,226,0.03,893
172,53.75,0.00,Watford,https://www.rightmove.co.uk/properties/160152995,"£1,150,000",Ask agent,0.00,20.00,1,3,19.73,398,122465,1.49,384,24100.00,12.39,63,1073,0.13,717
173,53.74,1.60,Portsmouth,https://www.rightmove.co.uk/properties/156991631,"£1,100,000","69,696 sq ft",15782.83,19.86,776,16,18.58,864,183905,2.24,283,21900.00,11.26,129,14818,1.80,199
174,53.73,0.45,Stockport,https://www.rightmove.co.uk/properties/147214712,"£2,985,000","19,417 sq ft",153731.27,18.63,895,2,19.82,316,188185,2.29,281,22100.00,11.36,124,13345,1.62,229
175,53.71,0.00,Guildford,https://www.rightmove.co.uk/properties/160782950,"£1,700,000",Ask agent,0.00,20.00,1,5,19.56,544,147110,1.79,327,22250.00,11.44,111,7582,0.92,376
176,53.71,5.20,Luton,https://www.rightmove.co.uk/properties/158059670,POA,"226,512 sq ft",0.00,20.00,1,6,19.47,594,296985,3.62,182,19700.00,10.13,233,4073,0.50,516
177,53.68,0.00,Bath,https://www.rightmove.co.uk/properties/162298322,"£3,000,000",Ask agent,0.00,20.00,1,7,19.38,648,67505,0.82,495,25200.00,12.96,45,4342,0.53,501
178,53.66,0.00,Brighton,https://www.rightmove.co.uk/properties/155784995,"£1,150,000",Ask agent,0.00,20.00,1,5,19.56,544,313210,3.81,175,15450.00,7.94,432,19301,2.35,128
179,53.66,0.00,Ipswich,https://www.rightmove.co.uk/properties/162382337,"£1,500,000",Ask agent,0.00,20.00,1,2,19.82,316,162485,1.98,304,16700.00,8.59,384,26900,3.27,79
180,53.61,0.00,Guildford,https://www.rightmove.co.uk/properties/160680677,"£1,500,000",Ask agent,0.00,20.00,1,5,19.56,544,16955,0.21,711,26900.00,13.83,21,137,0.02,934
181,53.61,0.00,York,https://www.rightmove.co.uk/properties/154072721,POA,Ask agent,0.00,20.00,1,14,18.76,831,169775,2.07,293,22400.00,11.52,105,10427,1.27,297
182,53.60,1.38,Hemel Hempstead,https://www.rightmove.co.uk/properties/162532628,"£2,000,000","60,113 sq ft",33270.67,19.70,820,2,19.82,316,24940,0.30,672,26300.00,13.52,24,2042,0.25,627
183,53.60,0.00,Harrogate,https://www.rightmove.co.uk/properties/151371854,POA,Ask agent,0.00,20.00,1,6,19.47,594,93115,1.13,432,23400.00,12.03,77,7951,0.97,363
184,53.51,1.00,Watford,https://www.rightmove.co.uk/properties/160774115,"£1,150,000","43,560 sq ft",26400.37,19.76,807,3,19.73,398,122465,1.49,384,24100.00,12.39,63,1073,0.13,717
185,53.51,0.00,London,https://www.rightmove.co.uk/properties/135528815,"£1,300,000",Ask agent,0.00,20.00,1,90,12.00,988,871792,10.62,27,20716.67,10.65,177,1974,0.24,632
186,53.50,15.25,Shrewsbury,https://www.rightmove.co.uk/properties/157250858,POA,"664,290 sq ft",0.00,20.00,1,3,19.73,398,82855,1.01,452,16900.00,8.69,366,33425,4.07,46
187,53.48,0.00,Hemel Hempstead,https://www.rightmove.co.uk/properties/160241945,"£1,500,000",Ask agent,0.00,20.00,1,4,19.64,473,155870,1.90,311,21300.00,10.95,147,8126,0.99,355
188,53.46,9.24,Ipswich,https://www.rightmove.co.uk/properties/156691385,"£1,600,000","402,494 sq ft",3975.21,19.96,706,3,19.73,398,25765,0.31,663,18200.00,9.36,306,33666,4.10,44
189,53.44,0.00,Enfield,https://www.rightmove.co.uk/properties/135445478,"£1,350,000",Ask agent,0.00,20.00,1,10,19.11,747,452976,5.52,110,17100.00,8.79,356,173,0.02,918
190,53.42,8.20,Halifax,https://www.rightmove.co.uk/properties/153832238,POA,"357,192 sq ft",0.00,20.00,1,13,18.84,817,295695,3.60,185,19850.00,10.21,224,6336,0.77,414
191,53.38,0.00,Southend-on-Sea,https://www.rightmove.co.uk/properties/162471761,"£2,250,000",Ask agent,0.00,20.00,1,15,18.67,850,195160,2.38,268,20300.00,10.44,204,15658,1.90,180
192,53.38,0.00,Blackpool,https://www.rightmove.co.uk/properties/153777308,"£1,300,000",Ask agent,0.00,20.00,1,15,18.67,850,191765,2.33,275,21700.00,11.16,132,10065,1.22,304
193,53.38,0.00,St Albans,https://www.rightmove.co.uk/properties/162200825,POA,Ask agent,0.00,20.00,1,3,19.73,398,79730,0.97,462,22100.00,11.36,124,10813,1.32,282
194,53.38,0.00,Stoke-on-Trent,https://www.rightmove.co.uk/properties/161826980,POA,Ask agent,0.00,20.00,1,20,18.22,896,339670,4.14,153,17350.00,8.92,350,17238,2.10,148
195,53.37,0.06,London,https://www.rightmove.co.uk/properties/157447496,"£1,500,000","2,800 sq ft",535714.29,15.21,974,37,16.71,960,915522,11.15,24,14028.57,7.21,500,25347,3.08,88
196,53.37,0.17,Medway,https://www.rightmove.co.uk/properties/152175554,"£1,500,000","7,190 sq ft",208623.09,18.14,917,3,19.73,398,168515,2.05,294,20600.00,10.59,185,23458,2.85,98
197,53.36,2.07,Kingston upon Thames,https://www.rightmove.co.uk/properties/160272221,POA,"90,169 sq ft",0.00,20.00,1,19,18.31,892,382777,4.66,135,19620.00,10.09,235,2474,0.30,596
198,53.31,0.00,Peterborough,https://www.rightmove.co.uk/properties/160514234,POA,Ask agent,0.00,20.00,1,10,19.11,747,193665,2.36,272,22600.00,11.62,97,1849,0.22,641
199,53.29,0.00,Blackpool,https://www.rightmove.co.uk/properties/153774371,"£1,600,000",Ask agent,0.00,20.00,1,16,18.58,864,191765,2.33,275,21700.00,11.16,132,10065,1.22,304
200,53.28,0.00,Enfield,https://www.rightmove.co.uk/properties/161030984,"£1,500,000",Ask agent,0.00,20.00,1,4,19.64,473,36895,0.45,610,22900.00,11.77,86,11610,1.41,270
201,53.25,1.78,Peterborough,https://www.rightmove.co.uk/properties/96248417,"£2,000,000","77,537 sq ft",25794.14,19.77,805,11,19.02,775,197485,2.40,266,16800.00,8.64,377,28046,3.41,72
202,53.22,488.21,Southampton,https://www.rightmove.co.uk/properties/161090003,"£5,200,000","21,266,428 sq ft",244.52,20.00,619,5,19.56,544,137945,1.68,349,19800.00,10.18,226,14821,1.80,197
203,53.22,499.30,Southampton,https://www.rightmove.co.uk/properties/160181954,"£5,700,000","21,749,508 sq ft",262.07,20.00,627,5,19.56,544,137945,1.68,349,19800.00,10.18,226,14821,1.80,197
204,53.19,11.83,Bradford,https://www.rightmove.co.uk/properties/157714184,POA,"515,315 sq ft",0.00,20.00,1,7,19.38,648,414015,5.04,124,16433.33,8.45,393,2687,0.33,585
205,53.18,0.00,Bromley,https://www.rightmove.co.uk/properties/159705755,"£1,500,000",Ask agent,0.00,20.00,1,6,19.47,594,105695,1.29,405,23433.33,12.05,76,3086,0.38,566
206,53.18,0.21,Southend-on-Sea,https://www.rightmove.co.uk/properties/140474036,"£1,250,000","9,006 sq ft",138796.36,18.76,887,14,18.76,831,330620,4.03,159,22600.00,11.62,97,128,0.02,939
207,53.17,0.66,Guildford,https://www.rightmove.co.uk/properties/143749814,"£1,750,000","28,750 sq ft",60869.57,19.46,844,5,19.56,544,165265,2.01,298,22250.00,11.44,111,5832,0.71,449
208,53.15,0.00,Warrington,https://www.rightmove.co.uk/properties/160143350,"£1,000,000",Ask agent,0.00,20.00,1,6,19.47,594,428165,5.21,121,14666.67,7.54,464,7665,0.93,374
209,53.14,0.00,Enfield,https://www.rightmove.co.uk/properties/137596217,"£3,500,000",Ask agent,0.00,20.00,1,9,19.20,717,413846,5.04,125,17100.00,8.79,356,902,0.11,751
210,53.12,0.13,Kingston upon Thames,https://www.rightmove.co.uk/properties/162652052,"£1,200,000","5,447 sq ft",220304.75,18.03,921,20,18.22,896,363513,4.43,140,24125.00,12.40,62,333,0.04,856
211,53.12,3.00,Harrogate,https://www.rightmove.co.uk/properties/155133647,"£1,350,000","130,680 sq ft",10330.58,19.91,749,10,19.11,747,92920,1.13,434,23400.00,12.03,77,7730,0.94,372
212,53.12,51.89,Stoke-on-Trent,https://www.rightmove.co.uk/properties/153110135,"£3,700,000","2,260,328 sq ft",1636.93,19.99,691,3,19.73,398,340790,4.15,152,16500.00,8.48,390,6277,0.76,417
213,53.11,3.57,Wigan,https://www.rightmove.co.uk/properties/137512112,"£1,250,000","155,509 sq ft",8038.12,19.93,731,2,19.82,316,63900,0.78,508,15500.00,7.97,430,37888,4.61,34
214,53.09,0.41,Watford,https://www.rightmove.co.uk/properties/160082843,"£1,850,000","17,860 sq ft",103583.43,19.07,874,17,18.49,877,202310,2.46,264,21100.00,10.85,158,18199,2.21,136
215,53.09,0.00,Bath,https://www.rightmove.co.uk/properties/160401185,"£1,250,000",Ask agent,0.00,20.00,1,16,18.58,864,103280,1.26,411,22400.00,11.52,105,14270,1.74,208
216,53.04,0.00,London,https://www.rightmove.co.uk/properties/159845234,"£1,350,000",Ask agent,0.00,20.00,1,71,13.69,987,927378,11.29,23,14450.00,7.43,478,5191,0.63,470
217,52.95,0.25,Twickenham,https://www.rightmove.co.uk/properties/158030534,"£1,500,000","10,893 sq ft",137703.11,18.77,886,7,19.38,648,134105,1.63,365,23300.00,11.98,83,9780,1.19,312
218,52.94,0.00,Bath,https://www.rightmove.co.uk/properties/140343587,"£1,750,000",Ask agent,0.00,20.00,1,4,19.64,473,22230,0.27,689,25200.00,12.96,45,587,0.07,793
219,52.94,0.00,Chelmsford,https://www.rightmove.co.uk/properties/161091044,"£1,500,000",Ask agent,0.00,20.00,1,2,19.82,316,102775,1.25,413,20600.00,10.59,185,10473,1.27,294
220,52.93,0.00,Dartford,https://www.rightmove.co.uk/properties/160951997,"£1,850,000",Ask agent,0.00,20.00,1,10,19.11,747,339085,4.13,154,18175.00,9.34,312,2824,0.34,573
221,52.92,0.00,Truro,https://www.rightmove.co.uk/properties/161095586,"£1,950,000",Ask agent,0.00,20.00,1,2,19.82,316,31040,0.38,632,16800.00,8.64,377,33572,4.08,45
222,52.86,0.00,Halifax,https://www.rightmove.co.uk/properties/158418380,"£1,100,000",Ask agent,0.00,20.00,1,14,18.76,831,166445,2.03,296,22100.00,11.36,124,5872,0.71,446
223,52.84,0.26,Slough,https://www.rightmove.co.uk/properties/157752926,"£1,950,000","11,146 sq ft",174950.65,18.44,905,14,18.76,831,495086,6.03,89,18600.00,9.56,276,444,0.05,826
224,52.83,0.00,Swindon,https://www.rightmove.co.uk/properties/161567798,"£1,000,000",Ask agent,0.00,20.00,1,2,19.82,316,205185,2.50,262,19000.00,9.77,262,6080,0.74,434
225,52.81,0.00,Chelmsford,https://www.rightmove.co.uk/properties/146113289,"£1,250,000",Ask agent,0.00,20.00,1,5,19.56,544,61900,0.75,519,20600.00,10.59,185,15700,1.91,178
226,52.78,0.21,Kingston upon Thames,https://www.rightmove.co.uk/properties/155607527,"£1,050,000","9,148 sq ft",114779.19,18.97,876,18,18.40,886,247645,3.02,228,20525.00,10.55,191,15118,1.84,189
227,52.76,0.04,Twickenham,https://www.rightmove.co.uk/properties/162701495,"£1,000,000","1,960 sq ft",510204.08,15.44,971,28,17.51,940,758814,9.24,43,20155.56,10.36,215,1736,0.21,649
228,52.69,0.00,Hemel Hempstead,https://www.rightmove.co.uk/properties/162355898,"£2,000,000",Ask agent,0.00,20.00,1,2,19.82,316,76795,0.94,470,22150.00,11.39,123,4471,0.54,495
229,52.66,0.14,London,https://www.rightmove.co.uk/properties/158150183,"£4,500,000","6,006 sq ft",749250.75,13.30,985,92,11.82,989,331392,4.04,158,21462.50,11.03,144,102446,12.46,5
230,52.65,0.00,Milton Keynes,https://www.rightmove.co.uk/properties/142578797,"£9,500,000",Ask agent,0.00,20.00,1,11,19.02,775,146070,1.78,332,19800.00,10.18,226,13713,1.67,223
231,52.59,1.54,Huddersfield,https://www.rightmove.co.uk/properties/145882967,POA,"67,082 sq ft",0.00,20.00,1,16,18.58,864,226590,2.76,245,20200.00,10.39,208,7170,0.87,387
232,52.59,3.67,Warrington,https://www.rightmove.co.uk/properties/142533407,POA,"160,000 sq ft",0.00,20.00,1,8,19.29,692,228465,2.78,242,14450.00,7.43,478,25437,3.09,86
233,52.58,0.00,Twickenham,https://www.rightmove.co.uk/properties/160989092,"£3,150,000",Ask agent,0.00,20.00,1,38,16.62,963,290488,3.54,191,21125.00,10.86,156,12837,1.56,242
234,52.56,0.37,Chelmsford,https://www.rightmove.co.uk/properties/154546019,"£1,000,000","16,181 sq ft",61800.88,19.45,848,1,19.91,187,94175,1.15,430,22566.67,11.60,102,3750,0.46,532
235,52.56,0.41,St Albans,https://www.rightmove.co.uk/properties/160213205,"£1,600,000","18,057 sq ft",88608.30,19.21,868,4,19.64,473,151085,1.84,316,22200.00,11.41,114,3748,0.46,533
236,52.55,0.00,Derby,https://www.rightmove.co.uk/properties/162739895,"£1,200,000",Ask agent,0.00,20.00,1,6,19.47,594,121800,1.48,386,19000.00,9.77,262,15090,1.84,192
237,52.51,0.00,Brighton,https://www.rightmove.co.uk/properties/160979087,"£1,000,000",Ask agent,0.00,20.00,1,3,19.73,398,314025,3.82,174,17300.00,8.89,352,503,0.06,813
238,52.49,0.26,Liverpool,https://www.rightmove.co.uk/properties/159723476,"£1,300,000","11,142 sq ft",116675.64,18.96,878,4,19.64,473,735910,8.96,47,8500.00,4.37,605,4568,0.56,492
239,52.48,0.00,York,https://www.rightmove.co.uk/properties/159054431,"£1,800,000",Ask agent,0.00,20.00,1,11,19.02,775,158005,1.92,308,22400.00,11.52,105,150,0.02,927
240,52.44,0.00,London,https://www.rightmove.co.uk/properties/162107633,POA,Ask agent,0.00,20.00,1,50,15.56,971,559594,6.81,68,17675.00,9.09,337,8049,0.98,358
241,52.43,0.43,Croydon,https://www.rightmove.co.uk/properties/161891456,"£1,750,000","18,731 sq ft",93428.01,19.16,870,18,18.40,886,615722,7.50,62,14000.00,7.20,501,1429,0.17,676
242,52.39,0.00,Kingston upon Thames,https://www.rightmove.co.uk/properties/152224862,"£4,950,000",Ask agent,0.00,20.00,1,10,19.11,747,190000,2.31,277,20800.00,10.69,171,2230,0.27,617
243,52.37,3.36,Medway,https://www.rightmove.co.uk/properties/153731567,POA,"146,389 sq ft",0.00,20.00,1,1,19.91,187,23215,0.28,682,22200.00,11.41,114,6287,0.76,416
244,52.34,0.00,Ilford,https://www.rightmove.co.uk/properties/151715546,"£4,999,995",Ask agent,0.00,20.00,1,11,19.02,775,61110,0.74,521,24400.00,12.54,53,272,0.03,872
245,52.34,0.00,Truro,https://www.rightmove.co.uk/properties/162495737,"£1,800,000",Ask agent,0.00,20.00,1,2,19.82,316,31285,0.38,630,16800.00,8.64,377,28779,3.50,67
246,52.31,0.20,Gloucester,https://www.rightmove.co.uk/properties/159238208,"£1,700,000","8,559-10,513 sq ft",198621.33,18.22,913,13,18.84,817,139900,1.70,344,23400.00,12.03,77,12349,1.50,254
247,52.30,0.00,Chelmsford,https://www.rightmove.co.uk/properties/135802199,"£2,300,000",Ask agent,0.00,20.00,1,7,19.38,648,144245,1.76,336,18200.00,9.36,306,14896,1.81,195
248,52.29,0.00,London,https://www.rightmove.co.uk/properties/151993805,"£1,800,000",Ask agent,0.00,20.00,1,48,15.73,970,543744,6.62,72,16383.33,8.42,395,12444,1.51,251
249,52.29,0.56,Stoke-on-Trent,https://www.rightmove.co.uk/properties/162680693,"£2,200,000","24,394 sq ft",90186.11,19.19,869,24,17.87,921,343075,4.18,146,17350.00,8.92,350,17486,2.13,145
250,52.27,0.00,Chelmsford,https://www.rightmove.co.uk/properties/156276581,"£1,150,000",Ask agent,0.00,20.00,1,8,19.29,692,193400,2.35,273,20650.00,10.62,183,88,0.01,957
251,52.26,0.98,Tunbridge Wells,https://www.rightmove.co.uk/properties/157941764,"£1,350,000","42,689 sq ft",31624.07,19.72,817,7,19.38,648,112595,1.37,399,21300.00,10.95,147,6942,0.84,391
252,52.25,3.25,Cleveland,https://www.rightmove.co.uk/properties/150647348,"£1,200,000","141,570 sq ft",8476.37,19.92,738,22,18.04,914,320775,3.91,169,16866.67,8.67,375,14009,1.70,217
253,52.25,0.00,Tunbridge Wells,https://www.rightmove.co.uk/properties/156093818,"£2,500,000",Ask agent,0.00,20.00,1,2,19.82,316,56390,0.69,538,21600.00,11.11,136,5222,0.64,469
254,52.25,0.51,Croydon,https://www.rightmove.co.uk/properties/136780877,"£1,750,000","22,216 sq ft",78772.06,19.30,861,6,19.47,594,404319,4.92,126,16250.00,8.35,402,1690,0.21,650
255,52.22,0.13,York,https://www.rightmove.co.uk/properties/157754696,"£1,000,000","5,705 sq ft",175284.84,18.43,906,17,18.49,877,177335,2.16,287,22400.00,11.52,105,13294,1.62,230
256,52.14,0.00,Exeter,https://www.rightmove.co.uk/properties/147016628,"£10,850,000",Ask agent,0.00,20.00,1,9,19.20,717,135870,1.65,361,8300.00,4.27,606,57679,7.02,13
257,52.13,0.00,Ipswich,https://www.rightmove.co.uk/properties/160855937,"£1,445,000",Ask agent,0.00,20.00,1,6,19.47,594,28855,0.35,647,14000.00,7.20,501,42045,5.11,25
258,52.10,3.55,Dudley,https://www.rightmove.co.uk/properties/161822822,"£4,500,000","154,743 sq ft",29080.48,19.74,814,9,19.20,717,91030,1.11,439,19600.00,10.08,236,16266,1.98,164
259,52.06,2.00,Ilford,https://www.rightmove.co.uk/properties/157003787,"£1,500,000","87,120 sq ft",17217.63,19.85,782,11,19.02,775,92375,1.12,435,23333.33,12.00,82,587,0.07,793
260,52.02,0.00,Worcester,https://www.rightmove.co.uk/properties/155215535,"£3,200,000",Ask agent,0.00,20.00,1,10,19.11,747,117725,1.43,391,20850.00,10.72,170,6216,0.76,421
261,52.00,0.00,Exeter,https://www.rightmove.co.uk/properties/153722366,POA,Ask agent,0.00,20.00,1,12,18.93,805,127160,1.55,377,19500.00,10.03,243,12257,1.49,255
262,51.99,0.96,Stockport,https://www.rightmove.co.uk/properties/142006391,POA,"41,945 sq ft",0.00,20.00,1,6,19.47,594,66655,0.81,498,15850.00,8.15,414,29325,3.57,65
263,51.98,0.00,London,https://www.rightmove.co.uk/properties/160053632,"£1,250,000",Ask agent,0.00,20.00,1,50,15.56,971,543744,6.62,72,14250.00,7.33,489,20402,2.48,114
264,51.98,0.00,Ipswich,https://www.rightmove.co.uk/properties/145540565,"£2,000,000",Ask agent,0.00,20.00,1,9,19.20,717,162275,1.98,306,18650.00,9.59,274,9967,1.21,306
265,51.97,1.36,Halifax,https://www.rightmove.co.uk/properties/159121646,"£1,000,000","59,242 sq ft",16879.92,19.85,779,12,18.93,805,124485,1.52,382,22100.00,11.36,124,2527,0.31,592
266,51.94,0.32,Southend-on-Sea,https://www.rightmove.co.uk/properties/162210023,"£2,250,000","13,939 sq ft",161417.61,18.56,899,15,18.67,850,195160,2.38,268,20300.00,10.44,204,15658,1.90,180
267,51.93,2.16,Bournemouth,https://www.rightmove.co.uk/properties/158733098,"£1,880,000","94,090 sq ft",19980.87,19.82,789,16,18.58,864,391065,4.76,131,14100.00,7.25,497,12497,1.52,248
268,51.90,0.14,London,https://www.rightmove.co.uk/properties/159609284,"£3,250,000","5,895 sq ft",551314.67,15.07,976,183,3.73,1002,1559827,18.99,2,20100.00,10.33,219,30973,3.77,60
269,51.86,2.22,SK4 1BS,https://www.rightmove.co.uk/properties/150401156,"£2,000,000","96,703 sq ft",20681.88,19.82,792,13,18.84,817,296285,3.61,184,17660.00,9.08,338,4243,0.52,506
270,51.86,423.00,Watford,https://www.rightmove.co.uk/properties/162149717,"£15,000,000","18,425,880 sq ft",814.07,19.99,681,4,19.64,473,93510,1.14,431,20500.00,10.54,194,4445,0.54,497
271,51.85,0.00,Plymouth,https://www.rightmove.co.uk/properties/149864030,"£1,250,000",Ask agent,0.00,20.00,1,0,20.00,1,7725,0.09,821,21000.00,10.80,162,7892,0.96,367
272,51.82,0.00,Cleveland,https://www.rightmove.co.uk/properties/146547404,"£1,300,000",Ask agent,0.00,20.00,1,23,17.96,916,319935,3.90,171,16300.00,8.38,396,13069,1.59,235
273,51.82,295.27,Luton,https://www.rightmove.co.uk/properties/161870882,"£2,850,000","12,861,961 sq ft",221.58,20.00,603,1,19.91,187,39570,0.48,593,22200.00,11.41,114,90,0.01,956
274,51.81,0.10,Southend-on-Sea,https://www.rightmove.co.uk/properties/150488774,"£1,250,000","4,356 sq ft",286960.51,17.44,946,13,18.84,817,315195,3.84,173,22600.00,11.62,97,592,0.07,790
275,51.81,0.00,London,https://www.rightmove.co.uk/properties/161167088,"£1,750,000",Ask agent,0.00,20.00,1,208,1.51,1006,992026,12.08,18,26369.23,13.56,23,38310,4.66,32
276,51.80,0.69,Exeter,https://www.rightmove.co.uk/properties/87041562,"£3,000,000","30,000 sq ft",100000.00,19.11,873,14,18.76,831,140235,1.71,343,19500.00,10.03,243,18135,2.21,138
277,51.80,0.00,Oxford,https://www.rightmove.co.uk/properties/161092739,"£1,250,000",Ask agent,0.00,20.00,1,8,19.29,692,45850,0.56,578,17500.00,9.00,347,24281,2.95,94
278,51.79,0.41,Coventry,https://www.rightmove.co.uk/properties/162380930,"£1,100,000","18,034 sq ft",60995.90,19.45,846,1,19.91,187,50505,0.61,560,19600.00,10.08,236,14206,1.73,210
279,51.78,151.77,Gloucester,https://www.rightmove.co.uk/properties/161968040,"£1,500,000","6,611,101 sq ft",226.89,20.00,607,5,19.56,544,26690,0.32,655,21700.00,11.16,132,6123,0.74,430
280,51.76,110.05,Tunbridge Wells,https://www.rightmove.co.uk/properties/161861387,"£1,000,000","4,793,778 sq ft",208.60,20.00,594,2,19.82,316,62175,0.76,518,21600.00,11.11,136,638,0.08,784
281,51.71,0.00,Chelmsford,https://www.rightmove.co.uk/properties/158221406,"£1,800,000",Ask agent,0.00,20.00,1,2,19.82,316,69545,0.85,490,20600.00,10.59,185,3734,0.45,536
282,51.71,220.50,Tunbridge Wells,https://www.rightmove.co.uk/properties/161875898,"£1,475,000","9,604,980 sq ft",153.57,20.00,575,5,19.56,544,138835,1.69,347,18400.00,9.46,288,8235,1.00,350
283,51.68,1.55,Southend-on-Sea,https://www.rightmove.co.uk/properties/151047557,"£4,000,000","67,309 sq ft",59427.42,19.47,842,17,18.49,877,250665,3.05,225,20650.00,10.62,183,463,0.06,820
284,51.59,0.00,Gloucester,https://www.rightmove.co.uk/properties/154662884,"£1,175,000",Ask agent,0.00,20.00,1,0,20.00,1,12625,0.15,762,21600.00,11.11,136,2746,0.33,581
285,51.59,0.19,Oxford,https://www.rightmove.co.uk/properties/157851602,"£1,950,000","8,200 sq ft",237804.88,17.87,927,4,19.64,473,219210,2.67,251,20600.00,10.59,185,6685,0.81,398
286,51.58,0.11,Hereford,https://www.rightmove.co.uk/properties/161758316,Sale by Tender,"4,795 sq ft",0.00,20.00,1,4,19.64,473,62370,0.76,517,19050.00,9.79,260,11367,1.38,274
287,51.58,0.34,Kingston upon Thames,https://www.rightmove.co.uk/properties/135935489,"£4,000,000","14,750 sq ft",271186.44,17.58,941,7,19.38,648,149610,1.82,323,20150.00,10.36,216,20082,2.44,118
288,51.55,0.00,London,https://www.rightmove.co.uk/properties/162742385,"£1,000,000",Ask agent,0.00,20.00,1,33,17.07,955,287637,3.50,193,17380.00,8.94,349,16800,2.04,154
289,51.53,59.33,Guildford,https://www.rightmove.co.uk/properties/87150012,"£1,620,000","2,584,415 sq ft",626.83,19.99,675,0,20.00,1,4550,0.06,853,22200.00,11.41,114,564,0.07,800
290,51.52,0.00,London,https://www.rightmove.co.uk/properties/147803177,"£2,250,000",Ask agent,0.00,20.00,1,50,15.56,971,341221,4.15,148,19266.67,9.91,255,15625,1.90,182
291,51.49,308.93,Gloucester,https://www.rightmove.co.uk/properties/161967977,"£3,000,000","13,456,991 sq ft",222.93,20.00,604,0,20.00,1,21045,0.26,695,21700.00,11.16,132,625,0.08,786
292,51.49,0.00,Ipswich,https://www.rightmove.co.uk/properties/149668991,"£1,100,000",Ask agent,0.00,20.00,1,3,19.73,398,29890,0.36,640,13800.00,7.10,513,35291,4.29,41
293,51.48,0.76,Preston,https://www.rightmove.co.uk/properties/111474173,"£1,100,000","33,062 sq ft",33270.82,19.70,821,15,18.67,850,215645,2.63,256,15000.00,7.71,445,22779,2.77,102
294,51.45,77.00,Peterborough,https://www.rightmove.co.uk/properties/152288849,"£7,800,000","3,354,120 sq ft",2325.50,19.98,697,6,19.47,594,39285,0.48,596,19900.00,10.23,221,10601,1.29,288
295,51.44,9.81,Blackburn,https://www.rightmove.co.uk/properties/146410526,"£2,600,000","427,324 sq ft",6084.38,19.95,721,10,19.11,747,154070,1.88,314,20300.00,10.44,204,570,0.07,799
296,51.40,0.17,Redhill,https://www.rightmove.co.uk/properties/154769459,POA,"7,601 sq ft",0.00,20.00,1,6,19.47,594,46525,0.57,576,18400.00,9.46,288,15681,1.91,179
297,51.40,0.00,Tunbridge Wells,https://www.rightmove.co.uk/properties/107767301,Offers Invited,Ask agent,0.00,20.00,1,3,19.73,398,136425,1.66,355,18400.00,9.46,288,4462,0.54,496
298,51.39,0.13,London,https://www.rightmove.co.uk/properties/162310385,"£2,000,000","5,652 sq ft",353857.04,16.84,958,61,14.58,983,555175,6.76,69,22185.71,11.41,122,14850,1.81,196
299,51.39,0.00,Norwich,https://www.rightmove.co.uk/properties/161367776,"£1,100,000",Ask agent,0.00,20.00,1,12,18.93,805,73230,0.89,480,19100.00,9.82,257,14305,1.74,207
300,51.37,0.00,Guildford,https://www.rightmove.co.uk/properties/155692487,"£1,250,000",Ask agent,0.00,20.00,1,6,19.47,594,211295,2.57,258,18033.33,9.27,316,447,0.05,824
301,51.36,4.88,Coventry,https://www.rightmove.co.uk/properties/160381730,POA,"212,703 sq ft",0.00,20.00,1,1,19.91,187,85545,1.04,449,19400.00,9.97,248,3522,0.43,553
302,51.35,0.00,London,https://www.rightmove.co.uk/properties/159529472,"£1,250,000",Ask agent,0.00,20.00,1,51,15.47,975,543744,6.62,72,14250.00,7.33,489,15890,1.93,169
303,51.33,0.00,Portsmouth,https://www.rightmove.co.uk/properties/157517303,"£1,000,000",Ask agent,0.00,20.00,1,3,19.73,398,38695,0.47,601,18200.00,9.36,306,14525,1.77,202
304,51.32,0.00,Croydon,https://www.rightmove.co.uk/properties/157354142,"£1,000,000",Ask agent,0.00,20.00,1,31,17.24,954,392224,4.78,128,14600.00,7.51,466,14779,1.80,201
305,51.29,0.00,Truro,https://www.rightmove.co.uk/properties/157742255,"£1,950,000",Ask agent,0.00,20.00,1,5,19.56,544,53360,0.65,551,16100.00,8.28,407,23084,2.81,101
306,51.27,0.00,York,https://www.rightmove.co.uk/properties/156858302,"£1,750,000",Ask agent,0.00,20.00,1,1,19.91,187,35840,0.44,614,17900.00,9.20,320,14149,1.72,213
307,51.27,0.00,Tunbridge Wells,https://www.rightmove.co.uk/properties/147010964,"£1,400,000",Ask agent,0.00,20.00,1,5,19.56,544,73030,0.89,481,20400.00,10.49,199,2749,0.33,580
308,51.24,0.19,Kingston upon Thames,https://www.rightmove.co.uk/properties/160649303,"£1,850,000","8,238 sq ft",224569.07,17.99,923,20,18.22,896,321657,3.92,168,21520.00,11.06,139,390,0.05,842
309,51.24,0.00,London,https://www.rightmove.co.uk/properties/151380566,"£1,500,000",Ask agent,0.00,20.00,1,53,15.29,977,543744,6.62,72,14514.29,7.46,474,15361,1.87,185
310,51.20,0.40,Milton Keynes,https://www.rightmove.co.uk/properties/160661750,"£2,250,000","17,597 sq ft",127862.70,18.86,884,11,19.02,775,147755,1.80,326,19800.00,10.18,226,11068,1.35,279
311,51.20,0.00,Watford,https://www.rightmove.co.uk/properties/154789472,"£2,500,000",Ask agent,0.00,20.00,1,10,19.11,747,82165,1.00,454,18480.00,9.50,286,13032,1.59,238
312,51.19,0.00,Romford,https://www.rightmove.co.uk/properties/159936899,"£2,400,000",Ask agent,0.00,20.00,1,18,18.40,886,305365,3.72,178,16660.00,8.57,385,4187,0.51,511
313,51.19,1.38,Southend-on-Sea,https://www.rightmove.co.uk/properties/153897065,"£1,600,000","60,156 sq ft",26597.51,19.76,808,11,19.02,775,244525,2.98,230,18100.00,9.31,313,1006,0.12,734
314,51.19,0.19,Lancaster,https://www.rightmove.co.uk/properties/160128905,"£1,200,000","8,331 sq ft",144040.33,18.71,891,9,19.20,717,114310,1.39,396,20700.00,10.64,178,10217,1.24,301
315,51.16,10.28,Doncaster,https://www.rightmove.co.uk/properties/159307559,POA,"447,797 sq ft",0.00,20.00,1,3,19.73,398,100085,1.22,419,12300.00,6.32,551,31904,3.88,49
316,51.13,0.13,Lincoln,https://www.rightmove.co.uk/properties/122826911,POA,"5,663 sq ft",0.00,20.00,1,10,19.11,747,149360,1.82,324,18300.00,9.41,297,6482,0.79,407
317,51.12,0.00,Peterborough,https://www.rightmove.co.uk/properties/162302969,"£1,900,000",Ask agent,0.00,20.00,1,2,19.82,316,38115,0.46,604,20700.00,10.64,178,1531,0.19,666
318,51.11,2.60,Cleveland,https://www.rightmove.co.uk/properties/145979819,"£2,000,000","113,256 sq ft",17659.11,19.84,783,21,18.13,909,321750,3.92,167,16400.00,8.43,394,6446,0.78,409
319,51.05,0.00,Tunbridge Wells,https://www.rightmove.co.uk/properties/159585116,"£1,950,000",Ask agent,0.00,20.00,1,11,19.02,775,136390,1.66,356,19600.00,10.08,236,2410,0.29,601
320,51.05,0.23,Kingston upon Thames,https://www.rightmove.co.uk/properties/161155010,"£2,500,000","9,953 sq ft",251180.55,17.75,932,13,18.84,817,239310,2.91,233,20525.00,10.55,191,8106,0.99,356
321,51.04,0.00,OL16 1LA,https://www.rightmove.co.uk/properties/147160766,"£1,500,000",Ask agent,0.00,20.00,1,10,19.11,747,300185,3.66,181,15450.00,7.94,432,2685,0.33,586
322,51.03,0.00,London,https://www.rightmove.co.uk/properties/159526628,"£1,200,000",Ask agent,0.00,20.00,1,59,14.76,982,369937,4.50,138,22737.50,11.69,95,678,0.08,779
323,51.02,19.50,Lincoln,https://www.rightmove.co.uk/properties/155789630,"£6,000,000","849,420 sq ft",7063.64,19.94,727,14,18.76,831,144465,1.76,333,17133.33,8.81,355,14443,1.76,204
324,51.00,0.28,Kingston upon Thames,https://www.rightmove.co.uk/properties/161133938,"£3,300,000","12,377 sq ft",266623.58,17.62,937,7,19.38,648,225120,2.74,248,19700.00,10.13,233,9295,1.13,321
325,50.99,0.17,Twickenham,https://www.rightmove.co.uk/properties/156846890,"£1,800,000","7,380 sq ft",243902.44,17.82,931,28,17.51,940,354843,4.32,143,20875.00,10.73,168,5003,0.61,476
326,50.97,2.00,Lincoln,https://www.rightmove.co.uk/properties/147786035,POA,"87,120 sq ft",0.00,20.00,1,7,19.38,648,132345,1.61,367,18300.00,9.41,297,4693,0.57,489
327,50.97,0.00,Luton,https://www.rightmove.co.uk/properties/162644258,"£2,250,000",Ask agent,0.00,20.00,1,8,19.29,692,294485,3.59,186,15700.00,8.07,420,181,0.02,916
328,50.94,0.00,Tunbridge Wells,https://www.rightmove.co.uk/properties/150427955,"£4,000,000",Ask agent,0.00,20.00,1,1,19.91,187,14160,0.17,743,20900.00,10.75,163,945,0.11,744
329,50.94,0.00,Chelmsford,https://www.rightmove.co.uk/properties/160167323,"£4,000,000",Ask agent,0.00,20.00,1,9,19.20,717,146255,1.78,331,18200.00,9.36,306,4910,0.60,480
330,50.92,1.50,London,https://www.rightmove.co.uk/properties/158019800,"£3,650,000","65,340 sq ft",55861.65,19.50,839,20,18.22,896,428866,5.22,120,13625.00,7.01,518,7987,0.97,359
331,50.90,0.00,Crewe,https://www.rightmove.co.uk/properties/151119185,"£2,750,000",Ask agent,0.00,20.00,1,5,19.56,544,128720,1.57,373,15700.00,8.07,420,14016,1.71,215
332,50.90,12.12,Doncaster,https://www.rightmove.co.uk/properties/150748535,Offers Invited,"527,947-165,092 sq ft",0.00,20.00,1,6,19.47,594,89160,1.09,443,17000.00,8.74,360,13190,1.60,232
332,50.90,12.12,Doncaster,https://www.rightmove.co.uk/properties/150750317,Offers Invited,"527,947 sq ft",0.00,20.00,1,6,19.47,594,89160,1.09,443,17000.00,8.74,360,13190,1.60,232
334,50.90,0.00,Stoke-on-Trent,https://www.rightmove.co.uk/properties/162660632,"£1,190,000",Ask agent,0.00,20.00,1,0,20.00,1,17055,0.21,710,19600.00,10.08,236,5034,0.61,474
335,50.90,0.00,Bristol,https://www.rightmove.co.uk/properties/157608926,"£1,200,000",Ask agent,0.00,20.00,1,14,18.76,831,625850,7.62,58,0.00,0.00,637,37163,4.52,36
336,50.89,2.82,Norwich,https://www.rightmove.co.uk/properties/150814562,"£1,000,000","122,839 sq ft",8140.74,19.93,732,15,18.67,850,69365,0.84,491,14600.00,7.51,466,32426,3.94,48
337,50.88,125.09,Northampton,https://www.rightmove.co.uk/properties/149358437,"£1,300,000","5,448,920 sq ft",238.58,20.00,618,1,19.91,187,25445,0.31,666,20700.00,10.64,178,120,0.01,942
338,50.87,1.33,Redhill,https://www.rightmove.co.uk/properties/161944223,"£2,650,000","57,935 sq ft",45740.92,19.59,831,4,19.64,473,80440,0.98,459,18900.00,9.72,265,7707,0.94,373
339,50.86,0.00,Leeds,https://www.rightmove.co.uk/properties/158591345,"£5,000,000",Ask agent,0.00,20.00,1,0,20.00,1,22475,0.27,685,20200.00,10.39,208,1651,0.20,653
340,50.85,0.00,Portsmouth,https://www.rightmove.co.uk/properties/158369063,"£1,500,000",Ask agent,0.00,20.00,1,10,19.11,747,363065,4.42,141,14000.00,7.20,501,1005,0.12,735
341,50.82,0.00,Doncaster,https://www.rightmove.co.uk/properties/143679149,Offers Invited,Ask agent,0.00,20.00,1,7,19.38,648,140480,1.71,342,14800.00,7.61,449,17471,2.13,146
342,50.82,31.00,Tunbridge Wells,https://www.rightmove.co.uk/properties/157764779,Offers Invited,"1,350,360 sq ft",0.00,20.00,1,10,19.11,747,95070,1.16,428,19600.00,10.08,236,3908,0.48,526
343,50.82,0.28,Tunbridge Wells,https://www.rightmove.co.uk/properties/142269767,"£1,500,000","12,197 sq ft",122981.06,18.90,880,7,19.38,648,78815,0.96,467,20400.00,10.49,199,8987,1.09,330
344,50.81,1.99,Worcester,https://www.rightmove.co.uk/properties/162018239,"£1,100,000","86,684 sq ft",12689.77,19.89,766,5,19.56,544,146740,1.79,329,13900.00,7.15,504,20025,2.44,119
345,50.81,0.00,York,https://www.rightmove.co.uk/properties/153254597,"£1,000,000",Ask agent,0.00,20.00,1,1,19.91,187,34970,0.43,616,17900.00,9.20,320,10403,1.27,298
346,50.79,0.00,Southend-on-Sea,https://www.rightmove.co.uk/properties/138197156,POA,Ask agent,0.00,20.00,1,7,19.38,648,344505,4.19,145,12700.00,6.53,540,5677,0.69,451
347,50.79,0.00,Leeds,https://www.rightmove.co.uk/properties/160974650,"£1,000,000",Ask agent,0.00,20.00,1,1,19.91,187,26545,0.32,656,20200.00,10.39,208,1419,0.17,677
348,50.79,2.08,London,https://www.rightmove.co.uk/properties/161869274,"£22,000,000","90,814 sq ft",242253.40,17.83,928,58,14.84,979,915522,11.15,24,12833.33,6.60,537,3023,0.37,569
349,50.75,0.00,Blackburn,https://www.rightmove.co.uk/properties/149352953,"£8,700,000",Ask agent,0.00,20.00,1,9,19.20,717,141970,1.73,340,17850.00,9.18,324,5319,0.65,466
350,50.73,0.00,Gloucester,https://www.rightmove.co.uk/properties/160167179,"£3,000,000",Ask agent,0.00,20.00,1,4,19.64,473,12070,0.15,773,18800.00,9.67,268,10488,1.28,293
351,50.71,3.18,Birmingham,https://www.rightmove.co.uk/properties/161080982,"£1,150,000","138,521 sq ft",8301.99,19.93,735,7,19.38,648,127435,1.55,375,18500.00,9.51,280,2818,0.34,574
352,50.70,0.00,Stockport,https://www.rightmove.co.uk/properties/150873431,POA,Ask agent,0.00,20.00,1,2,19.82,316,146270,1.78,330,16650.00,8.56,387,4414,0.54,498
353,50.70,1.53,Brighton,https://www.rightmove.co.uk/properties/158727965,"£1,400,000","66,647 sq ft",21006.20,19.81,793,5,19.56,544,148770,1.81,325,9900.00,5.09,588,36419,4.43,38
354,50.70,5.00,Doncaster,https://www.rightmove.co.uk/properties/153182615,"£1,000,000","217,800 sq ft",4591.37,19.96,710,2,19.82,316,26185,0.32,660,18700.00,9.61,272,8083,0.98,357
355,50.69,1.00,Tunbridge Wells,https://www.rightmove.co.uk/properties/157960298,POA,"43,560 sq ft",0.00,20.00,1,2,19.82,316,13030,0.16,757,19400.00,9.97,248,6064,0.74,437
356,50.69,0.00,Leeds,https://www.rightmove.co.uk/properties/134054504,"£1,200,000",Ask agent,0.00,20.00,1,3,19.73,398,26490,0.32,657,15600.00,8.02,424,21483,2.61,109
357,50.64,0.21,Newcastle upon Tyne,https://www.rightmove.co.uk/properties/160341275,"£3,220,000","9,360-31,732 sq ft",344017.09,16.93,956,21,18.13,909,445920,5.43,118,16725.00,8.60,383,12734,1.55,245
358,50.63,1.83,Lancaster,https://www.rightmove.co.uk/properties/142697213,"£1,000,000","79,715 sq ft",12544.69,19.89,763,1,19.91,187,12760,0.16,760,16900.00,8.69,366,16340,1.99,162
359,50.61,0.14,Southampton,https://www.rightmove.co.uk/properties/143849075,"£1,850,000","6,000 sq ft",308333.33,17.24,949,10,19.11,747,354400,4.32,144,17900.00,9.20,320,6036,0.73,442
360,50.60,0.58,Plymouth,https://www.rightmove.co.uk/properties/143509985,"£1,500,000","25,124 sq ft",59703.87,19.47,843,17,18.49,877,291845,3.55,189,17566.67,9.03,345,496,0.06,815
361,50.58,1.20,Bath,https://www.rightmove.co.uk/properties/158724140,POA,"52,272 sq ft",0.00,20.00,1,4,19.64,473,37705,0.46,609,16500.00,8.48,390,16379,1.99,161
362,50.56,0.53,Coventry,https://www.rightmove.co.uk/properties/159977369,POA,"23,174 sq ft",0.00,20.00,1,11,19.02,775,182495,2.22,284,13350.00,6.86,520,20179,2.45,115
363,50.56,7.70,"10 The Rock
Bury
BL9 0NT",https://www.rightmove.co.uk/properties/157265567,"£1,000,000","335,412 sq ft",2981.41,19.97,701,14,18.76,831,270325,3.29,204,16533.33,8.50,389,292,0.04,866
364,50.55,0.80,Tunbridge Wells,https://www.rightmove.co.uk/properties/152609858,"£1,175,000","34,848 sq ft",33717.86,19.70,822,2,19.82,316,46950,0.57,575,18400.00,9.46,288,8235,1.00,350
365,50.54,0.00,Watford,https://www.rightmove.co.uk/properties/160511093,"£1,190,000",Ask agent,0.00,20.00,1,6,19.47,594,82875,1.01,451,19350.00,9.95,250,959,0.12,742
366,50.54,0.00,Southampton,https://www.rightmove.co.uk/properties/147496310,"£1,150,000",Ask agent,0.00,20.00,1,3,19.73,398,65015,0.79,500,19100.00,9.82,257,1591,0.19,661
367,50.51,0.00,Northampton,https://www.rightmove.co.uk/properties/161567816,"£1,000,000",Ask agent,0.00,20.00,1,5,19.56,544,99285,1.21,421,17800.00,9.15,327,4901,0.60,481
367,50.51,0.00,Northampton,https://www.rightmove.co.uk/properties/160283198,"£1,500,000",Ask agent,0.00,20.00,1,5,19.56,544,99285,1.21,421,17800.00,9.15,327,4901,0.60,481
369,50.51,6.65,Chelmsford,https://www.rightmove.co.uk/properties/162388808,"£3,500,000","289,674 sq ft",12082.55,19.89,756,9,19.20,717,144245,1.76,336,18200.00,9.36,306,2507,0.30,593
370,50.50,112.55,Chelmsford,https://www.rightmove.co.uk/properties/161835638,"£1,400,000","4,902,678 sq ft",285.56,20.00,641,3,19.73,398,20110,0.24,700,11000.00,5.66,572,40064,4.87,28
371,50.50,0.12,E14 9XL,https://www.rightmove.co.uk/properties/688899467505680,"£3,000,000","5,033 sq ft",596065.96,14.67,978,58,14.84,979,1227435,14.95,12,11475.00,5.90,563,1172,0.14,706
372,50.50,1.65,Reading,https://www.rightmove.co.uk/properties/159259457,"£2,000,000","71,874 sq ft",27826.47,19.75,811,0,20.00,1,20365,0.25,698,20400.00,10.49,199,134,0.02,938
373,50.49,0.00,Blackpool,https://www.rightmove.co.uk/properties/161892569,"£1,200,000",Ask agent,0.00,20.00,1,13,18.84,817,234290,2.85,239,10450.00,5.37,582,28116,3.42,70
374,50.48,0.00,Brighton,https://www.rightmove.co.uk/properties/160526789,POA,Ask agent,0.00,20.00,1,2,19.82,316,21420,0.26,691,18750.00,9.64,270,6186,0.75,426
375,50.46,0.00,Southall,https://www.rightmove.co.uk/properties/161027090,"£2,600,000",Ask agent,0.00,20.00,1,29,17.42,947,290488,3.54,191,18280.00,9.40,303,830,0.10,758
376,50.46,0.67,Tunbridge Wells,https://www.rightmove.co.uk/properties/161051378,"£1,950,000","29,185 sq ft",66815.14,19.40,853,11,19.02,775,136390,1.66,356,19600.00,10.08,236,2410,0.29,601
376,50.46,0.67,Tunbridge Wells,https://www.rightmove.co.uk/properties/161005553,"£1,950,000","29,185 sq ft",66815.14,19.40,853,11,19.02,775,136390,1.66,356,19600.00,10.08,236,2410,0.29,601
378,50.45,0.16,Truro,https://www.rightmove.co.uk/properties/158939735,"£1,000,000","7,114 sq ft",140567.89,18.74,890,7,19.38,648,39975,0.49,592,19750.00,10.15,230,13897,1.69,219
379,50.45,0.00,Truro,https://www.rightmove.co.uk/properties/161433515,"£1,000,000",Ask agent,0.00,20.00,1,4,19.64,473,42945,0.52,586,19750.00,10.15,230,1021,0.12,729
380,50.40,0.00,London,https://www.rightmove.co.uk/properties/155319140,"£2,000,000",Ask agent,0.00,20.00,1,66,14.13,986,218049,2.65,254,22100.00,11.36,124,18520,2.25,132
381,50.40,0.00,Slough,https://www.rightmove.co.uk/properties/154628909,"£1,400,000",Ask agent,0.00,20.00,1,7,19.38,648,229955,2.80,241,15650.00,8.05,423,1459,0.18,672
382,50.39,0.10,Tunbridge Wells,https://www.rightmove.co.uk/properties/161164190,"£1,500,000","4,424 sq ft",339059.67,16.97,955,3,19.73,398,63110,0.77,513,24100.00,12.39,63,4371,0.53,499
383,50.35,0.65,Bolton,https://www.rightmove.co.uk/properties/134902211,"£1,800,000","28,211 sq ft",63804.90,19.43,849,21,18.13,909,323895,3.94,165,13300.00,6.84,521,16464,2.00,160
384,50.32,0.53,Crewe,https://www.rightmove.co.uk/properties/156847247,"£1,500,000","23,107 sq ft",64915.39,19.42,850,5,19.56,544,128720,1.57,373,15700.00,8.07,420,14016,1.71,215
385,50.31,7.50,Shrewsbury,https://www.rightmove.co.uk/properties/135349988,"£1,800,000","326,700 sq ft",5509.64,19.95,719,7,19.38,648,78305,0.95,468,16900.00,8.69,366,11031,1.34,280
386,50.29,0.94,Milton Keynes,https://www.rightmove.co.uk/properties/160211741,"£1,000,000","40,946 sq ft",24422.41,19.78,800,3,19.73,398,215015,2.62,257,15800.00,8.12,418,300,0.04,865
387,50.28,24.71,Brighton,https://www.rightmove.co.uk/properties/151955093,"£2,000,000","1,076,390 sq ft",1858.06,19.98,692,2,19.82,316,21420,0.26,691,18750.00,9.64,270,4719,0.57,488
388,50.28,0.00,London,https://www.rightmove.co.uk/properties/162577265,"£1,500,000",Ask agent,0.00,20.00,1,218,0.62,1007,1234038,15.03,11,22546.15,11.59,104,24990,3.04,91
389,50.26,0.93,Kingston upon Thames,https://www.rightmove.co.uk/properties/141838067,"£17,000,000","40,581 sq ft",418915.26,16.26,967,7,19.38,648,164170,2.00,299,20800.00,10.69,171,15866,1.93,170
390,50.25,0.30,Enfield,https://www.rightmove.co.uk/properties/148643774,"£1,500,000","13,068 sq ft",114784.21,18.97,877,24,17.87,921,327224,3.98,161,13566.67,6.98,519,20125,2.45,117
391,50.20,10.00,Northampton,https://www.rightmove.co.uk/properties/160833545,"£3,750,000","435,600 sq ft",8608.82,19.92,740,7,19.38,648,75685,0.92,473,16200.00,8.33,404,13522,1.64,227
392,50.17,3.10,Brighton,https://www.rightmove.co.uk/properties/161948546,"£2,250,000","135,036 sq ft",16662.22,19.85,778,1,19.91,187,22360,0.27,686,17966.67,9.24,318,7348,0.89,383
393,50.14,1.73,Dudley,https://www.rightmove.co.uk/properties/158117285,Sale by Tender,"75,359 sq ft",0.00,20.00,1,9,19.20,717,89945,1.10,442,17600.00,9.05,339,6552,0.80,404
394,50.14,0.00,Preston,https://www.rightmove.co.uk/properties/148286672,"£1,400,000",Ask agent,0.00,20.00,1,4,19.64,473,105225,1.28,406,17800.00,9.15,327,517,0.06,809
395,50.12,1.70,Redhill,https://www.rightmove.co.uk/properties/156954128,"£1,200,000","74,052 sq ft",16204.83,19.86,777,2,19.82,316,29870,0.36,641,19000.00,9.77,262,2533,0.31,591
396,50.11,6.36,Taunton,https://www.rightmove.co.uk/properties/87283957,"£1,750,000","277,042 sq ft",6316.73,19.94,723,6,19.47,594,52935,0.64,556,17800.00,9.15,327,7438,0.90,381
397,50.11,0.00,Nottingham,https://www.rightmove.co.uk/properties/149695010,"£1,100,000",Ask agent,0.00,20.00,1,1,19.91,187,11855,0.14,775,18300.00,9.41,297,5289,0.64,468
398,50.10,1.23,Nottingham,https://www.rightmove.co.uk/properties/144963827,POA,"53,579 sq ft",0.00,20.00,1,13,18.84,817,174360,2.12,289,13066.67,6.72,526,19831,2.41,122
399,50.10,9.45,Leicester,https://www.rightmove.co.uk/properties/159905150,POA,"411,695-947,650 sq ft",0.00,20.00,1,1,19.91,187,57990,0.71,533,18400.00,9.46,288,162,0.02,923
400,50.07,0.00,Enfield,https://www.rightmove.co.uk/properties/159181835,"£12,800,000",Ask agent,0.00,20.00,1,4,19.64,473,105165,1.28,407,17700.00,9.10,335,398,0.05,837
401,50.07,0.00,Newcastle upon Tyne,https://www.rightmove.co.uk/properties/158214659,POA,Ask agent,0.00,20.00,1,7,19.38,648,236890,2.88,235,11600.00,5.96,561,15180,1.85,187
402,50.06,19.56,Redhill,https://www.rightmove.co.uk/properties/161466497,"£2,000,000","852,034 sq ft",2347.32,19.98,698,10,19.11,747,50145,0.61,561,17600.00,9.05,339,10751,1.31,283
403,50.06,10.16,Preston,https://www.rightmove.co.uk/properties/162633461,"£1,000,000","442,352 sq ft",2260.64,19.98,695,11,19.02,775,102830,1.25,412,17100.00,8.79,356,8315,1.01,348
404,50.03,0.31,Bath,https://www.rightmove.co.uk/properties/154183163,POA,"13,378 sq ft",0.00,20.00,1,9,19.20,717,56475,0.69,537,16300.00,8.38,396,14514,1.77,203
405,50.01,0.00,Peterborough,https://www.rightmove.co.uk/properties/76058183,"£3,250,000",Ask agent,0.00,20.00,1,10,19.11,747,47470,0.58,574,14800.00,7.61,449,22271,2.71,107
406,50.00,0.00,Truro,https://www.rightmove.co.uk/properties/149525000,"£2,600,000",Ask agent,0.00,20.00,1,3,19.73,398,31040,0.38,632,16800.00,8.64,377,10323,1.26,299
407,49.99,0.11,Ilford,https://www.rightmove.co.uk/properties/144223895,"£4,500,000","4,733 sq ft",950771.18,11.50,993,11,19.02,775,372021,4.53,136,24400.00,12.54,53,19678,2.39,125
408,49.98,0.00,Cleveland,https://www.rightmove.co.uk/properties/160210370,"£2,500,000",Ask agent,0.00,20.00,1,6,19.47,594,90350,1.10,440,14300.00,7.35,483,16965,2.06,152
409,49.97,80.39,Reading,https://www.rightmove.co.uk/properties/161311373,"£1,950,000","3,501,788 sq ft",556.86,20.00,672,1,19.91,187,24210,0.29,676,16900.00,8.69,366,8861,1.08,333
410,49.97,0.00,Derby,https://www.rightmove.co.uk/properties/145209563,"£2,000,000",Ask agent,0.00,20.00,1,5,19.56,544,135020,1.64,363,16800.00,8.64,377,1054,0.13,722
411,49.95,3.09,Tunbridge Wells,https://www.rightmove.co.uk/properties/154800671,"£3,190,000","134,600 sq ft",23699.85,19.79,798,4,19.64,473,21170,0.26,694,18400.00,9.46,288,6561,0.80,403
412,49.94,7.55,Reading,https://www.rightmove.co.uk/properties/161311454,"£1,200,000","328,878 sq ft",3648.77,19.97,703,1,19.91,187,24210,0.29,676,16900.00,8.69,366,8861,1.08,333
413,49.92,0.00,London,https://www.rightmove.co.uk/properties/157462373,"£3,000,000",Ask agent,0.00,20.00,1,28,17.51,940,261811,3.19,214,15120.00,7.77,443,11932,1.45,260
414,49.91,0.00,York,https://www.rightmove.co.uk/properties/162228377,"£1,100,000",Ask agent,0.00,20.00,1,4,19.64,473,14525,0.18,740,17000.00,8.74,360,11091,1.35,278
415,49.90,0.00,Blackburn,https://www.rightmove.co.uk/properties/160569140,"£2,000,000",Ask agent,0.00,20.00,1,8,19.29,692,144430,1.76,334,16833.33,8.65,376,1632,0.20,659
416,49.90,0.00,London,https://www.rightmove.co.uk/properties/161267342,"£6,500,000",Ask agent,0.00,20.00,1,225,0.00,1008,1303939,15.88,8,25838.46,13.28,37,6059,0.74,440
417,49.89,132.00,Tunbridge Wells,https://www.rightmove.co.uk/properties/160198595,"£1,900,000","5,749,920 sq ft",330.44,20.00,650,2,19.82,316,43585,0.53,583,18400.00,9.46,288,669,0.08,780
418,49.87,21.50,Derby,https://www.rightmove.co.uk/properties/146986460,POA,"936,540 sq ft",0.00,20.00,1,4,19.64,473,146855,1.79,328,13900.00,7.15,504,10641,1.29,285
419,49.84,0.00,Bournemouth,https://www.rightmove.co.uk/properties/104700515,"£1,200,000",Ask agent,0.00,20.00,1,3,19.73,398,10905,0.13,781,19300.00,9.92,253,414,0.05,832
420,49.84,0.00,Bournemouth,https://www.rightmove.co.uk/properties/137079488,"£1,900,000",Ask agent,0.00,20.00,1,3,19.73,398,10645,0.13,784,19300.00,9.92,253,414,0.05,832
421,49.82,58.87,Wigan,https://www.rightmove.co.uk/properties/157304885,POA,"2,564,377 sq ft",0.00,20.00,1,14,18.76,831,200630,2.44,265,13733.33,7.06,517,12797,1.56,243
422,49.76,0.56,Stockport,https://www.rightmove.co.uk/properties/155787893,"£1,500,000","24,600 sq ft",60975.61,19.45,845,1,19.91,187,22325,0.27,687,19500.00,10.03,243,797,0.10,763
423,49.75,0.00,Tunbridge Wells,https://www.rightmove.co.uk/properties/154930415,"£1,800,000",Ask agent,0.00,20.00,1,5,19.56,544,21345,0.26,693,18400.00,9.46,288,3908,0.48,526
424,49.75,0.00,London,https://www.rightmove.co.uk/properties/159211586,"£1,100,000",Ask agent,0.00,20.00,1,30,17.33,953,261811,3.19,214,15120.00,7.77,443,11932,1.45,260
425,49.73,4.61,Northampton,https://www.rightmove.co.uk/properties/138133709,"£1,500,000","200,681 sq ft",7474.55,19.93,728,7,19.38,648,73485,0.89,478,16200.00,8.33,404,9789,1.19,311
426,49.71,1.00,Ipswich,https://www.rightmove.co.uk/properties/155367005,"£1,200,000","43,560 sq ft",27548.21,19.75,809,1,19.91,187,6280,0.08,833,16900.00,8.69,366,10548,1.28,289
427,49.70,1.38,Oxford,https://www.rightmove.co.uk/properties/155566145,"£2,400,000","60,098 sq ft",39934.77,19.64,827,3,19.73,398,48055,0.59,571,18500.00,9.51,280,1875,0.23,639
428,49.67,0.14,Brighton,https://www.rightmove.co.uk/properties/153174095,"£1,000,000","5,920 sq ft",168918.92,18.49,904,5,19.56,544,53175,0.65,552,21300.00,10.95,147,221,0.03,896
429,49.64,0.00,Doncaster,https://www.rightmove.co.uk/properties/158334803,"£6,000,000",Ask agent,0.00,20.00,1,4,19.64,473,86960,1.06,446,17000.00,8.74,360,1651,0.20,653
430,49.62,0.00,Walsall,https://www.rightmove.co.uk/properties/160724324,POA,Ask agent,0.00,20.00,1,25,17.78,925,811230,9.88,33,0.00,0.00,637,16165,1.97,166
431,49.54,107.82,Coventry,https://www.rightmove.co.uk/properties/157561139,"£1,250,000","4,696,639 sq ft",266.15,20.00,629,0,20.00,1,3095,0.04,880,0.00,0.00,637,78127,9.50,7
432,49.53,1.00,Stevenage,https://www.rightmove.co.uk/properties/162614471,"£1,200,000","43,560 sq ft",27548.21,19.75,809,1,19.91,187,18950,0.23,703,18500.00,9.51,280,1017,0.12,730
433,49.53,6.05,Chelmsford,https://www.rightmove.co.uk/properties/161808074,Sale by Tender,"263,538 sq ft",0.00,20.00,1,6,19.47,594,68900,0.84,492,16100.00,8.28,407,7790,0.95,370
434,49.52,0.00,London,https://www.rightmove.co.uk/properties/161696423,"£3,250,000",Ask agent,0.00,20.00,1,153,6.40,1000,549441,6.69,70,27325.00,14.05,15,19606,2.39,126
435,49.51,0.00,Colchester,https://www.rightmove.co.uk/properties/142842623,"£10,000,000",Ask agent,0.00,20.00,1,5,19.56,544,73350,0.89,479,12900.00,6.63,528,20003,2.43,120
436,49.51,1.27,Warrington,https://www.rightmove.co.uk/properties/155507339,"£1,200,000","55,321 sq ft",21691.58,19.81,796,8,19.29,692,189030,2.30,279,12900.00,6.63,528,12194,1.48,258
437,49.48,0.00,Swindon,https://www.rightmove.co.uk/properties/151943372,"£1,700,000",Ask agent,0.00,20.00,1,4,19.64,473,12140,0.15,772,18800.00,9.67,268,146,0.02,929
438,49.45,0.00,Redhill,https://www.rightmove.co.uk/properties/161752439,"£1,200,000",Ask agent,0.00,20.00,1,9,19.20,717,40630,0.49,591,17600.00,9.05,339,5814,0.71,450
439,49.42,0.00,Wakefield,https://www.rightmove.co.uk/properties/154486733,"£1,750,000",Ask agent,0.00,20.00,1,7,19.38,648,204965,2.50,263,14633.33,7.52,465,157,0.02,924
440,49.39,1.10,Romford,https://www.rightmove.co.uk/properties/160101515,"£3,250,000","47,916 sq ft",67827.03,19.39,856,20,18.22,896,254690,3.10,222,15875.00,8.16,413,4234,0.52,509
441,49.38,0.00,Worcester,https://www.rightmove.co.uk/properties/162591932,"£3,000,000",Ask agent,0.00,20.00,1,0,20.00,1,3935,0.05,862,17600.00,9.05,339,2366,0.29,611
441,49.38,0.00,Worcester,https://www.rightmove.co.uk/properties/162591359,"£1,850,000",Ask agent,0.00,20.00,1,0,20.00,1,3935,0.05,862,17600.00,9.05,339,2366,0.29,611
443,49.36,0.00,Brighton,https://www.rightmove.co.uk/properties/162557507,"£1,800,000",Ask agent,0.00,20.00,1,6,19.47,594,86935,1.06,447,10100.00,5.19,586,29956,3.64,62
444,49.36,220.50,Tunbridge Wells,https://www.rightmove.co.uk/properties/161897435,"£1,475,000","9,604,980 sq ft",153.57,20.00,575,11,19.02,775,144165,1.76,338,14750.00,7.58,461,8235,1.00,350
445,49.36,1.67,Lancaster,https://www.rightmove.co.uk/properties/150925190,"£1,100,000","72,745 sq ft",15121.31,19.86,774,1,19.91,187,12520,0.15,765,16900.00,8.69,366,6072,0.74,435
446,49.34,0.11,Guildford,https://www.rightmove.co.uk/properties/160976309,"£2,750,000","4,662 sq ft",589875.59,14.73,977,12,18.93,805,114520,1.39,395,27700.00,14.24,12,360,0.04,848
447,49.31,0.00,Newport,https://www.rightmove.co.uk/properties/157717571,"£1,200,000",Ask agent,0.00,20.00,1,1,19.91,187,0,0.00,933,0.00,0.00,637,77293,9.40,8
448,49.31,0.00,Bath,https://www.rightmove.co.uk/properties/159897860,POA,Ask agent,0.00,20.00,1,4,19.64,473,23875,0.29,680,14300.00,7.35,483,16649,2.03,155
449,49.31,1.29,Leicester,https://www.rightmove.co.uk/properties/160267526,"£1,750,000","55,977 sq ft",31262.84,19.72,816,6,19.47,594,31815,0.39,629,16300.00,8.38,396,11117,1.35,277
450,49.30,1.53,Peterborough,https://www.rightmove.co.uk/properties/122087126,"£1,415,250","66,647 sq ft",21235.01,19.81,795,9,19.20,717,52360,0.64,558,14800.00,7.61,449,16826,2.05,153
451,49.30,0.22,Liverpool,https://www.rightmove.co.uk/properties/153609593,"£1,400,000","9,624 sq ft",145469.66,18.70,892,7,19.38,648,72010,0.88,484,16100.00,8.28,407,16992,2.07,150
451,49.30,0.22,Liverpool,https://www.rightmove.co.uk/properties/157491245,"£1,400,000","9,624 sq ft",145469.66,18.70,892,7,19.38,648,72010,0.88,484,16100.00,8.28,407,16992,2.07,150
453,49.30,0.00,Swindon,https://www.rightmove.co.uk/properties/162295895,POA,Ask agent,0.00,20.00,1,2,19.82,316,16895,0.21,712,17700.00,9.10,335,1373,0.17,682
454,49.29,5.88,Sunderland,https://www.rightmove.co.uk/properties/156730364,POA,"256,133 sq ft",0.00,20.00,1,3,19.73,398,62535,0.76,516,14250.00,7.33,489,12108,1.47,259
455,49.28,0.37,London,https://www.rightmove.co.uk/properties/127910573,POA,"16,117 sq ft",0.00,20.00,1,137,7.82,998,972571,11.84,20,17850.00,9.18,324,3635,0.44,548
456,49.26,0.00,Stoke-on-Trent,https://www.rightmove.co.uk/properties/161969516,"£1,000,000",Ask agent,0.00,20.00,1,2,19.82,316,24900,0.30,673,15800.00,8.12,418,8321,1.01,347
457,49.26,2.27,Cambridge,https://www.rightmove.co.uk/properties/162314462,POA,"98,881 sq ft",0.00,20.00,1,2,19.82,316,21550,0.26,690,16500.00,8.48,390,5676,0.69,452
458,49.25,0.65,Leicester,https://www.rightmove.co.uk/properties/160976774,Sale by Tender,"28,314 sq ft",0.00,20.00,1,2,19.82,316,71760,0.87,489,16200.00,8.33,404,1851,0.23,640
459,49.24,0.00,Canterbury,https://www.rightmove.co.uk/properties/156589385,"£1,525,000",Ask agent,0.00,20.00,1,5,19.56,544,75970,0.93,472,14400.00,7.40,480,11135,1.35,276
460,49.22,6.50,Taunton,https://www.rightmove.co.uk/properties/159271268,"£1,550,000","283,096 sq ft",5475.17,19.95,718,6,19.47,594,52935,0.64,556,17800.00,9.15,327,88,0.01,957
461,49.14,1.80,Telford,https://www.rightmove.co.uk/properties/161033282,"£1,100,000","78,408 sq ft",14029.18,19.87,771,1,19.91,187,12875,0.16,758,17800.00,9.15,327,402,0.05,836
462,49.13,0.00,Taunton,https://www.rightmove.co.uk/properties/160535864,POA,Ask agent,0.00,20.00,1,4,19.64,473,17845,0.22,708,17900.00,9.20,320,501,0.06,814
463,49.12,0.00,Preston,https://www.rightmove.co.uk/properties/155964737,"£1,100,000",Ask agent,0.00,20.00,1,5,19.56,544,94440,1.15,429,15300.00,7.87,437,4476,0.54,494
464,49.11,219.55,Lincoln,https://www.rightmove.co.uk/properties/161125766,"£2,100,000","9,563,598 sq ft",219.58,20.00,602,6,19.47,594,130715,1.59,368,14800.00,7.61,449,3659,0.45,545
465,49.11,392.81,Lincoln,https://www.rightmove.co.uk/properties/161124977,"£5,250,000","17,110,804 sq ft",306.82,20.00,647,6,19.47,594,130715,1.59,368,14800.00,7.61,449,3659,0.45,545
466,49.10,0.00,Blackburn,https://www.rightmove.co.uk/properties/149061023,"£1,200,000",Ask agent,0.00,20.00,1,5,19.56,544,154070,1.88,314,14800.00,7.61,449,525,0.06,806
467,49.10,28.55,Lincoln,https://www.rightmove.co.uk/properties/161125403,"£1,300,000","1,243,638 sq ft",1045.32,19.99,682,6,19.47,594,130715,1.59,368,14800.00,7.61,449,3659,0.45,545
468,49.09,0.00,Brighton,https://www.rightmove.co.uk/properties/154425245,"£4,000,000",Ask agent,0.00,20.00,1,6,19.47,594,340935,4.15,151,10500.00,5.40,581,572,0.07,798
469,49.09,0.00,London,https://www.rightmove.co.uk/properties/155033048,"£1,850,000",Ask agent,0.00,20.00,1,20,18.22,896,389101,4.74,132,11725.00,6.03,559,801,0.10,762
470,49.08,0.00,Dudley,https://www.rightmove.co.uk/properties/158167034,POA,Ask agent,0.00,20.00,1,26,17.69,929,754970,9.19,44,0.00,0.00,637,18060,2.20,139
471,49.06,0.17,London,https://www.rightmove.co.uk/properties/157763195,"£1,300,000","7,260 sq ft",179063.36,18.40,908,55,15.11,978,615465,7.49,63,13150.00,6.76,524,10609,1.29,286
472,49.02,0.68,Chingford,https://www.rightmove.co.uk/properties/160050881,"£5,000,000","29,621 sq ft",168799.16,18.49,903,20,18.22,896,333232,4.06,157,15160.00,7.79,442,3739,0.45,534
473,49.00,0.26,London,https://www.rightmove.co.uk/properties/87146241,"£7,250,000","11,256 sq ft",644100.92,14.24,981,108,10.40,993,1130413,13.76,17,15833.33,8.14,417,20162,2.45,116
474,48.97,0.82,Chester,https://www.rightmove.co.uk/properties/155790452,POA,"35,625 sq ft",0.00,20.00,1,8,19.29,692,743045,9.05,46,100.00,0.05,636,4810,0.59,486
475,48.96,1.13,Brighton,https://www.rightmove.co.uk/properties/150862676,"£3,500,000","49,406 sq ft",70841.60,19.37,858,6,19.47,594,109965,1.34,404,15600.00,8.02,424,6338,0.77,413
476,48.95,0.14,Guildford,https://www.rightmove.co.uk/properties/162413231,"£2,500,000","6,000 sq ft",416666.67,16.28,965,6,19.47,594,110700,1.35,403,22250.00,11.44,111,3467,0.42,557
477,48.93,0.00,Reading,https://www.rightmove.co.uk/properties/159230138,"£1,500,000",Ask agent,0.00,20.00,1,0,20.00,1,8150,0.10,810,17000.00,8.74,360,758,0.09,768
478,48.85,0.00,Truro,https://www.rightmove.co.uk/properties/160396826,"£1,250,000",Ask agent,0.00,20.00,1,2,19.82,316,26305,0.32,659,14600.00,7.51,466,9872,1.20,310
479,48.84,0.00,Crewe,https://www.rightmove.co.uk/properties/157052318,"£1,350,000",Ask agent,0.00,20.00,1,7,19.38,648,58075,0.71,532,16900.00,8.69,366,560,0.07,802
480,48.79,0.37,Redhill,https://www.rightmove.co.uk/properties/158213078,"£1,500,000","16,000 sq ft",93750.00,19.16,871,9,19.20,717,80815,0.98,457,17600.00,9.05,339,3261,0.40,562
481,48.78,0.00,Cleveland,https://www.rightmove.co.uk/properties/154865840,"£1,000,000",Ask agent,0.00,20.00,1,1,19.91,187,125175,1.52,380,14250.00,7.33,489,114,0.01,946
482,48.77,0.00,Bath,https://www.rightmove.co.uk/properties/157454924,POA,Ask agent,0.00,20.00,1,5,19.56,544,23630,0.29,681,14300.00,7.35,483,12959,1.58,240
483,48.76,1.86,Preston,https://www.rightmove.co.uk/properties/154052651,"£1,100,000","81,022 sq ft",13576.56,19.88,767,5,19.56,544,99155,1.21,423,15300.00,7.87,437,2063,0.25,625
484,48.75,4.06,Sheffield,https://www.rightmove.co.uk/properties/160343522,POA,"176,854 sq ft",0.00,20.00,1,2,19.82,316,79315,0.97,464,11900.00,6.12,556,15155,1.84,188
485,48.71,6.24,Nottingham,https://www.rightmove.co.uk/properties/162376061,"£1,400,000","271,902 sq ft",5148.91,19.95,716,14,18.76,831,49945,0.61,563,15000.00,7.71,445,13845,1.68,220
486,48.65,2.28,Doncaster,https://www.rightmove.co.uk/properties/138490574,"£2,000,000","99,100 sq ft",20181.63,19.82,791,6,19.47,594,130455,1.59,371,14800.00,7.61,449,1348,0.16,689
487,48.64,0.36,Shrewsbury,https://www.rightmove.co.uk/properties/157551329,"£2,500,000","15,700 sq ft",159235.67,18.58,898,4,19.64,473,82490,1.00,453,16900.00,8.69,366,5998,0.73,443
488,48.60,1.85,Northampton,https://www.rightmove.co.uk/properties/153733910,"£1,000,000","80,586 sq ft",12409.10,19.89,761,6,19.47,594,115255,1.40,394,14100.00,7.25,497,4901,0.60,481
489,48.56,0.00,Brighton,https://www.rightmove.co.uk/properties/162537026,"£2,500,000",Ask agent,0.00,20.00,1,9,19.20,717,154135,1.88,313,11833.33,6.08,558,11492,1.40,272
490,48.55,0.00,Milton Keynes,https://www.rightmove.co.uk/properties/149850068,"£1,250,000",Ask agent,0.00,20.00,1,1,19.91,187,48085,0.59,570,12900.00,6.63,528,11678,1.42,265
491,48.53,7.78,Norwich,https://www.rightmove.co.uk/properties/119505914,POA,"338,897 sq ft",0.00,20.00,1,1,19.91,187,16330,0.20,721,16300.00,8.38,396,322,0.04,860
492,48.52,6.23,Nottingham,https://www.rightmove.co.uk/properties/162348518,"£1,400,000","271,379 sq ft",5158.84,19.95,717,14,18.76,831,49945,0.61,563,15000.00,7.71,445,12238,1.49,256
493,48.51,0.08,Truro,https://www.rightmove.co.uk/properties/162203510,"£1,000,000","3,422 sq ft",292226.77,17.39,947,2,19.82,316,20170,0.25,699,18900.00,9.72,265,11012,1.34,281
494,48.48,1.85,Nottingham,https://www.rightmove.co.uk/properties/159704528,"£2,000,000","80,586 sq ft",24818.21,19.78,801,10,19.11,747,47840,0.58,572,17300.00,8.89,352,896,0.11,752
495,48.46,0.14,Birmingham,https://www.rightmove.co.uk/properties/157247900,"£1,300,000","6,083 sq ft",213710.34,18.09,918,11,19.02,775,96190,1.17,424,18500.00,9.51,280,5508,0.67,459
496,48.39,0.00,Ipswich,https://www.rightmove.co.uk/properties/159496982,"£1,250,000",Ask agent,0.00,20.00,1,4,19.64,473,32040,0.39,626,14200.00,7.30,493,8666,1.05,338
496,48.39,0.00,Ipswich,https://www.rightmove.co.uk/properties/159660431,"£1,250,000",Ask agent,0.00,20.00,1,4,19.64,473,32040,0.39,626,14200.00,7.30,493,8666,1.05,338
498,48.37,44.00,Leicester,https://www.rightmove.co.uk/properties/146717693,"£2,500,000","1,916,640 sq ft",1304.37,19.99,687,6,19.47,594,31930,0.39,628,16300.00,8.38,396,1233,0.15,698
499,48.34,91.07,Nottingham,https://www.rightmove.co.uk/properties/161427866,"£1,200,000","3,967,009 sq ft",302.49,20.00,645,4,19.64,473,83715,1.02,450,14700.00,7.56,462,1031,0.13,725
500,48.31,2.20,Torquay,https://www.rightmove.co.uk/properties/159949328,"£2,400,000","95,832 sq ft",25043.83,19.78,803,10,19.11,747,103465,1.26,410,12900.00,6.63,528,12575,1.53,247
501,48.30,1.54,Coventry,https://www.rightmove.co.uk/properties/160847018,POA,"67,082 sq ft",0.00,20.00,1,11,19.02,775,480700,5.85,95,6200.00,3.19,625,1916,0.23,637
502,48.29,0.00,Canterbury,https://www.rightmove.co.uk/properties/155279213,"£1,250,000",Ask agent,0.00,20.00,1,14,18.76,831,137150,1.67,354,14200.00,7.30,493,4645,0.57,491
503,48.29,0.00,London,https://www.rightmove.co.uk/properties/124465280,"£1,625,000",Ask agent,0.00,20.00,1,26,17.69,929,0,0.00,933,15333.33,7.88,435,22349,2.72,105
504,48.29,43.88,Carlisle,https://www.rightmove.co.uk/properties/160216193,"£1,300,000","1,911,413 sq ft",680.13,19.99,678,5,19.56,544,32220,0.39,625,15600.00,8.02,424,2695,0.33,583
505,48.28,0.00,Leeds,https://www.rightmove.co.uk/properties/161790092,"£1,300,000",Ask agent,0.00,20.00,1,3,19.73,398,42095,0.51,587,15600.00,8.02,424,107,0.01,950
505,48.28,0.00,Leeds,https://www.rightmove.co.uk/properties/161808929,"£1,300,000",Ask agent,0.00,20.00,1,3,19.73,398,42095,0.51,587,15600.00,8.02,424,107,0.01,950
507,48.28,0.65,Blackburn,https://www.rightmove.co.uk/properties/86504181,"£1,200,000","28,457 sq ft",42168.89,19.62,828,7,19.38,648,91660,1.12,436,15300.00,7.87,437,2423,0.29,599
508,48.26,0.00,Wigan,https://www.rightmove.co.uk/properties/148605185,"£1,200,000",Ask agent,0.00,20.00,1,19,18.31,892,181630,2.21,285,14525.00,7.47,473,2175,0.26,618
509,48.23,150.00,Plymouth,https://www.rightmove.co.uk/properties/162666050,"£2,050,000","6,534,000 sq ft",313.74,20.00,648,1,19.91,187,17350,0.21,709,15600.00,8.02,424,739,0.09,769
510,48.22,5.70,Peterborough,https://www.rightmove.co.uk/properties/155822612,"£2,300,000","248,292 sq ft",9263.29,19.92,743,8,19.29,692,53040,0.65,553,14800.00,7.61,449,6248,0.76,420
511,48.18,0.00,Gloucester,https://www.rightmove.co.uk/properties/161883743,"£1,600,000",Ask agent,0.00,20.00,1,3,19.73,398,6725,0.08,829,16000.00,8.23,411,1165,0.14,708
512,48.16,0.00,Peterborough,https://www.rightmove.co.uk/properties/146621717,"£2,000,000",Ask agent,0.00,20.00,1,10,19.11,747,53040,0.65,553,14800.00,7.61,449,6497,0.79,405
513,48.14,0.00,Portsmouth,https://www.rightmove.co.uk/properties/141816056,"£2,500,000",Ask agent,0.00,20.00,1,11,19.02,775,91385,1.11,437,15300.00,7.87,437,1176,0.14,705
514,48.12,8.00,NR33 0DB,https://www.rightmove.co.uk/properties/148550588,"£4,400,000","348,481 sq ft",12626.23,19.89,764,14,18.76,831,244115,2.97,231,11650.00,5.99,560,4243,0.52,506
515,48.11,0.28,Redhill,https://www.rightmove.co.uk/properties/161196179,"£3,000,000","12,319 sq ft",243526.26,17.82,930,11,19.02,775,192090,2.34,274,14300.00,7.35,483,12905,1.57,241
516,48.07,0.15,London,https://www.rightmove.co.uk/properties/160553360,"£3,500,000","6,707 sq ft",521842.85,15.34,972,51,15.47,975,543744,6.62,72,17825.00,9.16,326,12215,1.49,257
517,48.02,4.95,Peterborough,https://www.rightmove.co.uk/properties/120336632,"£3,250,000","215,622 sq ft",15072.67,19.87,773,10,19.11,747,53040,0.65,553,14800.00,7.61,449,6497,0.79,405
518,47.97,0.00,Peterborough,https://www.rightmove.co.uk/properties/149773106,"£1,500,000",Ask agent,0.00,20.00,1,1,19.91,187,9355,0.11,797,15400.00,7.92,434,194,0.02,911
519,47.96,0.00,Brighton,https://www.rightmove.co.uk/properties/149971373,"£1,900,000",Ask agent,0.00,20.00,1,4,19.64,473,28905,0.35,646,12400.00,6.38,545,13030,1.59,239
520,47.95,0.00,Plymouth,https://www.rightmove.co.uk/properties/86158830,"£2,000,000",Ask agent,0.00,20.00,1,2,19.82,316,38320,0.47,602,14500.00,7.46,475,1690,0.21,650
521,47.90,90.00,Shrewsbury,https://www.rightmove.co.uk/properties/160550360,"£1,160,000","3,920,400 sq ft",295.89,20.00,642,1,19.91,187,8040,0.10,815,13800.00,7.10,513,6563,0.80,402
522,47.89,0.00,Peterborough,https://www.rightmove.co.uk/properties/151265225,"£1,700,000",Ask agent,0.00,20.00,1,4,19.64,473,64030,0.78,506,14500.00,7.46,475,116,0.01,944
523,47.89,0.00,Hull,https://www.rightmove.co.uk/properties/160841117,"£1,020,000",Ask agent,0.00,20.00,1,1,19.91,187,11280,0.14,776,15200.00,7.81,441,243,0.03,887
524,47.88,0.00,London,https://www.rightmove.co.uk/properties/161599574,"£2,750,000",Ask agent,0.00,20.00,1,27,17.60,934,0,0.00,933,15333.33,7.88,435,19716,2.40,124
525,47.88,8.58,Dudley,https://www.rightmove.co.uk/properties/154279988,"£2,250,000","373,745 sq ft",6020.15,19.95,720,1,19.91,187,24295,0.30,675,14400.00,7.40,480,2645,0.32,590
526,47.77,0.00,Liverpool,https://www.rightmove.co.uk/properties/161256944,"£1,300,000",Ask agent,0.00,20.00,1,0,20.00,1,119810,1.46,388,11400.00,5.86,564,3722,0.45,538
527,47.77,0.00,Norwich,https://www.rightmove.co.uk/properties/87129612,"£2,500,000",Ask agent,0.00,20.00,1,15,18.67,850,71940,0.88,486,14600.00,7.51,466,5929,0.72,445
528,47.77,0.00,Liverpool,https://www.rightmove.co.uk/properties/87075354,"£1,500,000",Ask agent,0.00,20.00,1,0,20.00,1,119350,1.45,390,11400.00,5.86,564,3722,0.45,538
529,47.77,0.00,Peterborough,https://www.rightmove.co.uk/properties/161972279,"£5,000,000",Ask agent,0.00,20.00,1,6,19.47,594,52360,0.64,558,14800.00,7.61,449,435,0.05,829
530,47.76,27.57,Cleveland,https://www.rightmove.co.uk/properties/161667770,POA,"1,200,949 sq ft",0.00,20.00,1,8,19.29,692,90150,1.10,441,14300.00,7.35,483,142,0.02,933
531,47.69,8.40,Bath,https://www.rightmove.co.uk/properties/158724182,POA,"365,904 sq ft",0.00,20.00,1,1,19.91,187,15865,0.19,727,13800.00,7.10,513,3994,0.49,519
532,47.66,0.16,Romford,https://www.rightmove.co.uk/properties/157569608,"£1,500,000","7,000-11,000 sq ft",214285.71,18.08,919,20,18.22,896,205795,2.51,261,16660.00,8.57,385,2332,0.28,614
533,47.57,0.00,Exeter,https://www.rightmove.co.uk/properties/155359919,"£1,000,000",Ask agent,0.00,20.00,1,4,19.64,473,14765,0.18,738,14700.00,7.56,462,1539,0.19,665
534,47.55,0.00,Norwich,https://www.rightmove.co.uk/properties/89197096,POA,Ask agent,0.00,20.00,1,15,18.67,850,71940,0.88,486,14600.00,7.51,466,4145,0.50,513
535,47.55,0.00,Durham,https://www.rightmove.co.uk/properties/138170261,"£3,200,000",Ask agent,0.00,20.00,1,1,19.91,187,46055,0.56,577,11900.00,6.12,556,7897,0.96,364
536,47.50,0.00,Cambridge,https://www.rightmove.co.uk/properties/162653801,Sale by Tender,Ask agent,0.00,20.00,1,3,19.73,398,22770,0.28,684,13100.00,6.74,525,6185,0.75,427
537,47.44,4.72,Norwich,https://www.rightmove.co.uk/properties/150815285,"£2,500,000","205,603 sq ft",12159.36,19.89,759,15,18.67,850,71940,0.88,486,14600.00,7.51,466,4145,0.50,513
538,47.44,0.00,"1a-1b 
Bank Street
Rawtenstall
Rossendale
BB4 6QS",https://www.rightmove.co.uk/properties/156358652,"£2,500,000",Ask agent,0.00,20.00,1,4,19.64,473,58215,0.71,531,11100.00,5.71,566,11356,1.38,275
539,47.44,0.00,"1-3 
Friarsgate
Grosvenor Street
Chester
CH1 1XG",https://www.rightmove.co.uk/properties/132983624,"£1,500,000",Ask agent,0.00,20.00,1,6,19.47,594,45245,0.55,580,12400.00,6.38,545,8591,1.05,342
540,47.41,0.23,Croydon,https://www.rightmove.co.uk/properties/152580989,"£2,750,000","9,806 sq ft",280440.55,17.49,943,8,19.29,692,55975,0.68,541,13825.00,7.11,512,23352,2.84,99
541,47.35,0.21,Stockport,https://www.rightmove.co.uk/properties/146103458,"£2,575,000","9,000 sq ft",286111.11,17.44,944,6,19.47,594,95290,1.16,426,15850.00,8.15,414,9337,1.14,318
542,47.35,0.21,Stockport,https://www.rightmove.co.uk/properties/147394475,"£2,575,000","8,999 sq ft",286142.90,17.44,945,6,19.47,594,95290,1.16,426,15850.00,8.15,414,9337,1.14,318
543,47.35,0.29,Harrow,https://www.rightmove.co.uk/properties/157096067,"£4,500,000","12,578 sq ft",357767.53,16.80,960,42,16.27,968,341221,4.15,148,16920.00,8.70,365,11721,1.43,264
544,47.35,5.15,Leicester,https://www.rightmove.co.uk/properties/150564119,POA,"224,334 sq ft",0.00,20.00,1,10,19.11,747,505705,6.16,83,0.00,0.00,637,17077,2.08,149
545,47.33,0.00,Bath,https://www.rightmove.co.uk/properties/149586962,"£4,850,000",Ask agent,0.00,20.00,1,0,20.00,1,14365,0.17,741,13800.00,7.10,513,524,0.06,807
546,47.28,0.00,Stevenage,https://www.rightmove.co.uk/properties/148398008,"£1,500,000",Ask agent,0.00,20.00,1,5,19.56,544,43430,0.53,584,12566.67,6.46,541,6064,0.74,437
546,47.28,0.00,Stevenage,https://www.rightmove.co.uk/properties/148447376,"£1,500,000",Ask agent,0.00,20.00,1,5,19.56,544,43430,0.53,584,12566.67,6.46,541,6064,0.74,437
548,47.25,26.70,Derby,https://www.rightmove.co.uk/properties/159141197,"£1,500,000","1,163,052 sq ft",1289.71,19.99,686,0,20.00,1,9520,0.12,796,0.00,0.00,637,58760,7.15,11
549,47.25,0.00,Canterbury,https://www.rightmove.co.uk/properties/145526699,"£1,100,000",Ask agent,0.00,20.00,1,1,19.91,187,12845,0.16,759,13900.00,7.15,504,267,0.03,874
550,47.24,0.71,Colchester,https://www.rightmove.co.uk/properties/148332476,"£1,800,000","30,835 sq ft",58375.22,19.48,841,5,19.56,544,63250,0.77,512,12900.00,6.63,528,6604,0.80,400
551,47.22,5.54,Nottingham,https://www.rightmove.co.uk/properties/162698957,POA,"241,322 sq ft",0.00,20.00,1,17,18.49,877,157160,1.91,309,13166.67,6.77,523,368,0.04,845
552,47.14,0.00,Colchester,https://www.rightmove.co.uk/properties/154005413,"£1,600,000",Ask agent,0.00,20.00,1,0,20.00,1,74390,0.91,476,11050.00,5.68,571,4510,0.55,493
553,47.08,0.00,London,https://www.rightmove.co.uk/properties/124465262,"£1,600,000",Ask agent,0.00,20.00,1,20,18.22,896,0,0.00,933,12550.00,6.45,543,19771,2.41,123
554,47.00,0.00,Torquay,https://www.rightmove.co.uk/properties/159989636,"£1,150,000",Ask agent,0.00,20.00,1,3,19.73,398,8055,0.10,813,13900.00,7.15,504,144,0.02,931
554,47.00,9.84,Torquay,https://www.rightmove.co.uk/properties/159022844,POA,"428,630-522,720 sq ft",0.00,20.00,1,3,19.73,398,8055,0.10,813,13900.00,7.15,504,144,0.02,931
556,46.97,0.00,Tunbridge Wells,https://www.rightmove.co.uk/properties/143527814,"£1,750,000",Ask agent,0.00,20.00,1,3,19.73,398,8815,0.11,800,11100.00,5.71,566,11671,1.42,266
556,46.97,0.00,Tunbridge Wells,https://www.rightmove.co.uk/properties/140150831,"£1,750,000",Ask agent,0.00,20.00,1,3,19.73,398,8815,0.11,800,11100.00,5.71,566,11671,1.42,266
556,46.97,0.00,Tunbridge Wells,https://www.rightmove.co.uk/properties/143000558,"£1,750,000",Ask agent,0.00,20.00,1,3,19.73,398,8815,0.11,800,11100.00,5.71,566,11671,1.42,266
559,46.92,1.15,Darlington,https://www.rightmove.co.uk/properties/153946022,"£1,700,000","50,000-100,000 sq ft",34000.00,19.70,824,9,19.20,717,38785,0.47,598,14400.00,7.40,480,1236,0.15,697
560,46.92,0.00,Chelmsford,https://www.rightmove.co.uk/properties/55259877,"£1,500,000",Ask agent,0.00,20.00,1,4,19.64,473,30095,0.37,638,9200.00,4.73,601,17911,2.18,141
561,46.91,0.03,Bradford,https://www.rightmove.co.uk/properties/160364714,"£1,300,000","1,362 sq ft",954478.71,11.47,994,8,19.29,692,468615,5.71,104,18300.00,9.41,297,8559,1.04,343
562,46.91,0.00,Dudley,https://www.rightmove.co.uk/properties/147327554,POA,Ask agent,0.00,20.00,1,26,17.69,929,479940,5.84,96,0.00,0.00,637,27764,3.38,74
562,46.91,0.00,Dudley,https://www.rightmove.co.uk/properties/147327560,POA,Ask agent,0.00,20.00,1,26,17.69,929,479940,5.84,96,0.00,0.00,637,27764,3.38,74
562,46.91,0.00,Dudley,https://www.rightmove.co.uk/properties/147327542,POA,Ask agent,0.00,20.00,1,26,17.69,929,479940,5.84,96,0.00,0.00,637,27764,3.38,74
565,46.85,0.81,Galashiels,https://www.rightmove.co.uk/properties/66444090,POA,"35,501 sq ft",0.00,20.00,1,3,19.73,398,13175,0.16,752,9700.00,4.99,591,16205,1.97,165
566,46.83,0.00,Brighton,https://www.rightmove.co.uk/properties/157869515,"£1,175,000",Ask agent,0.00,20.00,1,8,19.29,692,126925,1.55,378,11500.00,5.91,562,704,0.09,775
567,46.82,3.14,Blackburn,https://www.rightmove.co.uk/properties/139960457,"£1,200,000","136,778 sq ft",8773.34,19.92,742,3,19.73,398,36410,0.44,611,10900.00,5.60,577,9199,1.12,323
568,46.81,0.40,London,https://www.rightmove.co.uk/properties/154697018,"£2,850,000","17,424 sq ft",163567.49,18.54,900,23,17.96,916,64645,0.79,505,14050.00,7.22,499,18942,2.30,129
569,46.64,0.00,Leeds,https://www.rightmove.co.uk/properties/156461105,"£1,500,000",Ask agent,0.00,20.00,1,0,20.00,1,544000,6.62,71,0.00,0.00,637,167,0.02,922
570,46.63,60.00,Portsmouth,https://www.rightmove.co.uk/properties/160071275,POA,"2,613,600 sq ft",0.00,20.00,1,2,19.82,316,21035,0.26,696,12500.00,6.43,544,1007,0.12,733
571,46.60,1.90,Tunbridge Wells,https://www.rightmove.co.uk/properties/135644654,"£1,000,000","82,764 sq ft",12082.55,19.89,756,3,19.73,398,13050,0.16,754,12350.00,6.35,549,3817,0.46,531
572,46.48,0.87,Newcastle upon Tyne,https://www.rightmove.co.uk/properties/158418299,POA,"37,897 sq ft",0.00,20.00,1,1,19.91,187,27855,0.34,652,9600.00,4.94,594,10603,1.29,287
573,46.46,120.31,Birmingham,https://www.rightmove.co.uk/properties/157433459,"£1,575,000","5,240,704 sq ft",300.53,20.00,644,4,19.64,473,44330,0.54,582,12000.00,6.17,555,878,0.11,754
574,46.44,0.00,Torquay,https://www.rightmove.co.uk/properties/150692705,"£1,800,000",Ask agent,0.00,20.00,1,8,19.29,692,39490,0.48,594,12900.00,6.63,528,291,0.04,868
575,46.44,23.87,Lincoln,https://www.rightmove.co.uk/properties/153036881,"£1,290,000","1,039,777 sq ft",1240.65,19.99,684,1,19.91,187,6130,0.07,837,12400.00,6.38,545,702,0.09,776
576,46.43,59.12,Bath,https://www.rightmove.co.uk/properties/156111836,"£3,750,000","2,575,267 sq ft",1456.16,19.99,689,3,19.73,398,13635,0.17,746,12300.00,6.32,551,1815,0.22,646
577,46.41,6.90,Huddersfield,https://www.rightmove.co.uk/properties/153475601,POA,"300,564 sq ft",0.00,20.00,1,1,19.91,187,34950,0.43,617,11000.00,5.66,572,3419,0.42,559
578,46.39,0.00,Plymouth,https://www.rightmove.co.uk/properties/126915524,"£1,200,000",Ask agent,0.00,20.00,1,3,19.73,398,9855,0.12,790,12400.00,6.38,545,1356,0.16,687
579,46.31,0.00,London,https://www.rightmove.co.uk/properties/157260545,"£2,500,000",Ask agent,0.00,20.00,1,141,7.47,999,364203,4.43,139,22960.00,11.80,85,21415,2.61,110
580,46.29,0.00,Lincoln,https://www.rightmove.co.uk/properties/78566536,"£1,200,000",Ask agent,0.00,20.00,1,3,19.73,398,13035,0.16,756,11000.00,5.66,572,6096,0.74,432
581,46.27,0.00,Huddersfield,https://www.rightmove.co.uk/properties/159372521,"£1,850,000",Ask agent,0.00,20.00,1,2,19.82,316,32435,0.39,622,11000.00,5.66,572,3225,0.39,563
582,46.25,0.00,Sheffield,https://www.rightmove.co.uk/properties/156908216,"£2,250,000",Ask agent,0.00,20.00,1,0,20.00,1,500535,6.09,85,0.00,0.00,637,1263,0.15,693
583,46.22,0.81,W1B 5AW,https://www.rightmove.co.uk/properties/153333578,"£1,200,000","35,306 sq ft",33988.56,19.70,823,3,19.73,398,58785,0.72,528,11100.00,5.71,566,3058,0.37,568
584,46.21,0.13,Torquay,https://www.rightmove.co.uk/properties/160660637,"£1,350,000","5,786 sq ft",233321.81,17.91,925,3,19.73,398,25405,0.31,667,13900.00,7.15,504,9058,1.10,327
585,46.20,0.97,Stevenage,https://www.rightmove.co.uk/properties/161536097,"£2,750,000","42,253 sq ft",65084.14,19.42,851,10,19.11,747,100975,1.23,417,12300.00,6.32,551,925,0.11,747
586,46.18,0.00,Bath,https://www.rightmove.co.uk/properties/158722316,"£1,200,000",Ask agent,0.00,20.00,1,5,19.56,544,16445,0.20,718,12300.00,6.32,551,849,0.10,756
587,46.16,2.03,Newcastle upon Tyne,https://www.rightmove.co.uk/properties/86502045,POA,"88,264 sq ft",0.00,20.00,1,3,19.73,398,14990,0.18,735,9400.00,4.83,598,11615,1.41,269
588,46.12,0.29,Salisbury,https://www.rightmove.co.uk/properties/162376388,"£1,000,000","12,591 sq ft",79421.81,19.29,862,6,19.47,594,56610,0.69,536,12900.00,6.63,528,319,0.04,861
589,46.04,0.02,London,https://www.rightmove.co.uk/properties/151283441,"£1,220,000",976 sq ft,1250000.00,8.83,1001,61,14.58,983,1227435,14.95,12,12833.33,6.60,537,8933,1.09,331
590,45.84,0.00,Chelmsford,https://www.rightmove.co.uk/properties/161567807,"£1,000,000",Ask agent,0.00,20.00,1,1,19.91,187,16840,0.21,713,11000.00,5.66,572,573,0.07,797
591,45.83,127.03,Leicester,https://www.rightmove.co.uk/properties/161461166,"£1,500,000","5,533,427 sq ft",271.08,20.00,634,4,19.64,473,63810,0.78,509,10400.00,5.35,583,493,0.06,816
592,45.79,245.00,Leicester,https://www.rightmove.co.uk/properties/161443229,"£2,850,000","10,672,200 sq ft",267.05,20.00,630,4,19.64,473,60545,0.74,523,10400.00,5.35,583,493,0.06,816
593,45.74,0.11,Torquay,https://www.rightmove.co.uk/properties/161346335,"£1,245,000","4,682 sq ft",265912.00,17.62,936,10,19.11,747,119555,1.46,389,14300.00,7.35,483,1634,0.20,657
594,45.67,0.04,Newcastle upon Tyne,https://www.rightmove.co.uk/properties/142499348,"£1,300,000","1,623-3,721 sq ft",800985.83,12.84,988,16,18.58,864,513225,6.25,82,15500.00,7.97,430,243,0.03,887
595,45.65,0.00,York,https://www.rightmove.co.uk/properties/157473341,POA,Ask agent,0.00,20.00,1,5,19.56,544,3370,0.04,874,0.00,0.00,637,49791,6.06,18
596,45.61,16.31,Lincoln,https://www.rightmove.co.uk/properties/155488934,"£1,500,000","710,417 sq ft",2111.44,19.98,694,2,19.82,316,12295,0.15,770,10000.00,5.14,587,4242,0.52,508
597,45.52,0.00,Taunton,https://www.rightmove.co.uk/properties/160535867,Sale by Tender,Ask agent,0.00,20.00,1,4,19.64,473,16675,0.20,716,10850.00,5.58,578,781,0.10,764
598,45.52,0.17,Salisbury,https://www.rightmove.co.uk/properties/162369365,"£1,400,000","7,507 sq ft",186492.61,18.33,909,7,19.38,648,54450,0.66,546,12900.00,6.63,528,4183,0.51,512
599,45.46,0.00,Portsmouth,https://www.rightmove.co.uk/properties/160650569,"£2,000,000",Ask agent,0.00,20.00,1,5,19.56,544,75045,0.91,475,9600.00,4.94,594,426,0.05,830
600,45.45,0.00,Liverpool,https://www.rightmove.co.uk/properties/152106101,"£2,000,000",Ask agent,0.00,20.00,1,1,19.91,187,125165,1.52,381,7700.00,3.96,617,463,0.06,820
601,45.42,2.48,Exeter,https://www.rightmove.co.uk/properties/161565500,"£1,150,000","108,029 sq ft",10645.29,19.90,752,6,19.47,594,142870,1.74,339,8300.00,4.27,606,313,0.04,864
602,45.41,0.32,London,https://www.rightmove.co.uk/properties/156132056,"£2,200,000","13,939 sq ft",157830.55,18.59,896,25,17.78,925,261811,3.19,214,10750.00,5.53,579,2661,0.32,589
603,45.35,11.80,Colchester,https://www.rightmove.co.uk/properties/148257770,"£5,000,000","514,008 sq ft",9727.48,19.91,746,3,19.73,398,64650,0.79,502,7800.00,4.01,614,7435,0.90,382
604,45.28,0.74,London,https://www.rightmove.co.uk/properties/139202366,"£20,000,000","32,120 sq ft",622665.01,14.43,979,58,14.84,979,479860,5.84,99,18300.00,9.41,297,6167,0.75,428
605,45.27,0.00,Taunton,https://www.rightmove.co.uk/properties/159545864,"£1,100,000",Ask agent,0.00,20.00,1,5,19.56,544,7060,0.09,828,10700.00,5.50,580,1071,0.13,719
606,45.25,0.00,Exeter,https://www.rightmove.co.uk/properties/153885641,"£1,395,000",Ask agent,0.00,20.00,1,9,19.20,717,144355,1.76,335,8300.00,4.27,606,197,0.02,909
607,45.25,484.27,Doncaster,https://www.rightmove.co.uk/properties/162258917,"£2,500,000","21,094,801 sq ft",118.51,20.00,571,4,19.64,473,26990,0.33,654,9700.00,4.99,591,2369,0.29,610
608,45.24,1.31,Southampton,https://www.rightmove.co.uk/properties/160969112,POA,"57,049 sq ft",0.00,20.00,1,2,19.82,316,18880,0.23,704,9750.00,5.01,590,1443,0.18,673
609,45.20,0.00,London,https://www.rightmove.co.uk/properties/161794721,"£7,995,000",Ask agent,0.00,20.00,1,196,2.58,1004,760806,9.26,39,24666.67,12.68,52,5524,0.67,458
610,45.17,149.00,Oxford,https://www.rightmove.co.uk/properties/162001265,"£1,335,000","6,490,440 sq ft",205.69,20.00,592,4,19.64,473,55960,0.68,542,8600.00,4.42,604,3507,0.43,554
611,45.17,3.24,Galashiels,https://www.rightmove.co.uk/properties/156515528,"£1,500,000","141,158 sq ft",10626.39,19.91,751,2,19.82,316,13175,0.16,752,9700.00,4.99,591,2399,0.29,606
612,45.12,5.40,Preston,https://www.rightmove.co.uk/properties/86904141,"£2,000,000","235,244 sq ft",8501.81,19.92,739,1,19.91,187,14075,0.17,744,8300.00,4.27,606,6996,0.85,389
613,45.11,0.07,Warrington,https://www.rightmove.co.uk/properties/160041956,"£2,395,000","2,988 sq ft",801539.49,12.84,989,14,18.76,831,232710,2.83,240,20450.00,10.51,197,1430,0.17,675
614,45.10,0.44,Plymouth,https://www.rightmove.co.uk/properties/155654636,"£2,350,000","19,009 sq ft",123625.65,18.90,881,15,18.67,850,269120,3.28,206,8250.00,4.24,610,135,0.02,936
615,45.10,1.31,Colchester,https://www.rightmove.co.uk/properties/139242248,"£1,150,000","57,064 sq ft",20152.81,19.82,790,3,19.73,398,25100,0.31,669,7800.00,4.01,614,10086,1.23,302
616,45.08,0.00,Guildford,https://www.rightmove.co.uk/properties/147850100,"£4,000,000",Ask agent,0.00,20.00,1,1,19.91,187,28625,0.35,649,7900.00,4.06,612,6268,0.76,418
617,45.07,136.71,Ipswich,https://www.rightmove.co.uk/properties/162301457,"£1,500,000","5,955,088 sq ft",251.89,20.00,623,2,19.82,316,162485,1.98,304,0.00,0.00,637,26900,3.27,79
618,45.02,4.29,Exeter,https://www.rightmove.co.uk/properties/87117645,"£1,500,000","186,698 sq ft",8034.37,19.93,730,1,19.91,187,5855,0.07,841,0.00,0.00,637,42034,5.11,26
619,45.02,0.16,London,https://www.rightmove.co.uk/properties/146368241,"£1,750,000","6,846 sq ft",255623.72,17.72,933,128,8.62,997,700233,8.53,52,18416.67,9.47,287,5638,0.69,454
620,44.99,0.00,Luton,https://www.rightmove.co.uk/properties/161258195,"£3,000,000",Ask agent,0.00,20.00,1,1,19.91,187,275715,3.36,202,0.00,0.00,637,14193,1.73,212
621,44.97,388.55,Chelmsford,https://www.rightmove.co.uk/properties/161830160,"£4,000,000","16,925,238 sq ft",236.33,20.00,616,3,19.73,398,29780,0.36,642,0.00,0.00,637,40064,4.87,28
622,44.97,765.24,Chelmsford,https://www.rightmove.co.uk/properties/161401148,"£8,500,000","33,333,854 sq ft",255.00,20.00,624,3,19.73,398,29780,0.36,642,0.00,0.00,637,40064,4.87,28
623,44.95,264.14,Chelmsford,https://www.rightmove.co.uk/properties/161833004,"£3,100,000","11,505,938 sq ft",269.43,20.00,632,3,19.73,398,28735,0.35,648,0.00,0.00,637,40064,4.87,28
624,44.93,0.00,Wolverhampton,https://www.rightmove.co.uk/properties/153808214,"£1,200,000",Ask agent,0.00,20.00,1,1,19.91,187,264320,3.22,212,0.00,0.00,637,14786,1.80,200
625,44.92,0.00,Newcastle upon Tyne,https://www.rightmove.co.uk/properties/162342164,"£1,200,000",Ask agent,0.00,20.00,1,3,19.73,398,13835,0.17,745,9400.00,4.83,598,1560,0.19,664
626,44.86,0.00,Torquay,https://www.rightmove.co.uk/properties/153163574,"£2,550,000",Ask agent,0.00,20.00,1,9,19.20,717,53680,0.65,548,9500.00,4.88,597,1017,0.12,730
627,44.85,0.38,Sheffield,https://www.rightmove.co.uk/properties/157655723,"£2,400,000","16,436 sq ft",146020.93,18.69,894,1,19.91,187,500535,6.09,85,0.00,0.00,637,1263,0.15,693
628,44.83,1.16,Bath,https://www.rightmove.co.uk/properties/154350896,"£1,000,000","50,530 sq ft",19790.22,19.82,788,6,19.47,594,38835,0.47,597,9800.00,5.04,589,220,0.03,897
629,44.71,1.40,Bristol,https://www.rightmove.co.uk/properties/162722393,"£4,000,000","60,854 sq ft",65731.09,19.41,852,11,19.02,775,478200,5.82,101,0.00,0.00,637,3721,0.45,540
630,44.71,0.00,Durham,https://www.rightmove.co.uk/properties/161850794,"£1,750,000",Ask agent,0.00,20.00,1,5,19.56,544,53675,0.65,549,7100.00,3.65,619,6969,0.85,390
631,44.69,1.78,Bristol,https://www.rightmove.co.uk/properties/162722468,"£5,250,000","77,524 sq ft",67720.96,19.39,855,11,19.02,775,478200,5.82,101,0.00,0.00,637,3721,0.45,540
632,44.56,3.85,Newcastle upon Tyne,https://www.rightmove.co.uk/properties/86902683,POA,"167,706 sq ft",0.00,20.00,1,6,19.47,594,41335,0.50,590,8050.00,4.14,611,3730,0.45,537
633,44.53,0.05,London,https://www.rightmove.co.uk/properties/146474624,"£1,750,000","2,182 sq ft",802016.50,12.83,990,199,2.31,1005,1369963,16.68,7,22254.55,11.44,110,10432,1.27,296
634,44.52,0.00,Norwich,https://www.rightmove.co.uk/properties/89196988,POA,Ask agent,0.00,20.00,1,11,19.02,775,73855,0.90,477,8900.00,4.58,602,213,0.03,903
635,44.51,66.00,Sheffield,https://www.rightmove.co.uk/properties/158112227,POA,"2,874,960 sq ft",0.00,20.00,1,2,19.82,316,61680,0.75,520,6800.00,3.50,621,3633,0.44,549
636,44.50,0.00,Colchester,https://www.rightmove.co.uk/properties/151889312,"£1,600,000",Ask agent,0.00,20.00,1,1,19.91,187,19780,0.24,701,7800.00,4.01,614,2770,0.34,578
637,44.44,0.00,Newcastle upon Tyne,https://www.rightmove.co.uk/properties/158984429,POA,Ask agent,0.00,20.00,1,13,18.84,817,122610,1.49,383,6600.00,3.39,622,5843,0.71,448
638,44.40,0.00,Wolverhampton,https://www.rightmove.co.uk/properties/159053096,POA,Ask agent,0.00,20.00,1,21,18.13,909,447650,5.45,114,0.00,0.00,637,6682,0.81,399
639,44.28,0.05,London,https://www.rightmove.co.uk/properties/156728822,"£1,750,000","2,282 sq ft",766871.17,13.15,986,112,10.04,994,972571,11.84,20,17940.00,9.22,319,226,0.03,893
640,44.26,22.00,Durham,https://www.rightmove.co.uk/properties/158104502,POA,"958,320 sq ft",0.00,20.00,1,3,19.73,398,75520,0.92,474,6450.00,3.32,624,2397,0.29,607
641,44.02,0.00,Coventry,https://www.rightmove.co.uk/properties/161395820,POA,Ask agent,0.00,20.00,1,12,18.93,805,384145,4.68,134,0.00,0.00,637,3390,0.41,560
642,44.02,47.00,Cleveland,https://www.rightmove.co.uk/properties/158104499,"£7,500,000","2,047,320 sq ft",3663.33,19.97,704,5,19.56,544,218500,2.66,252,0.00,0.00,637,15069,1.83,193
643,44.01,0.00,Lancaster,https://www.rightmove.co.uk/properties/160112918,"£1,500,000",Ask agent,0.00,20.00,1,0,20.00,1,7445,0.09,824,7500.00,3.86,618,522,0.06,808
644,43.95,0.07,Ipswich,https://www.rightmove.co.uk/properties/162509603,"£1,300,000","3,171 sq ft",409965.31,16.34,964,1,19.91,187,25870,0.31,661,14200.00,7.30,493,710,0.09,774
645,43.85,187.41,Kilmarnock,https://www.rightmove.co.uk/properties/152020763,"£3,000,000","8,163,580 sq ft",367.49,20.00,657,0,20.00,1,0,0.00,933,0.00,0.00,637,31695,3.86,52
646,43.84,9.00,Redhill,https://www.rightmove.co.uk/properties/157766549,"£4,250,000","392,040 sq ft",10840.73,19.90,753,0,20.00,1,13600,0.17,747,0.00,0.00,637,30992,3.77,58
647,43.71,0.00,Derby,https://www.rightmove.co.uk/properties/153061754,"£1,300,000",Ask agent,0.00,20.00,1,6,19.47,594,292850,3.57,188,0.00,0.00,637,5587,0.68,456
648,43.63,54.61,Portsmouth,https://www.rightmove.co.uk/properties/152124107,"£1,350,000","2,378,812 sq ft",567.51,19.99,673,3,19.73,398,127300,1.55,376,4500.00,2.31,630,344,0.04,854
649,43.59,231.80,St Albans,https://www.rightmove.co.uk/properties/162618881,"£3,500,000","10,097,208 sq ft",346.63,20.00,653,2,19.82,316,281325,3.43,198,0.00,0.00,637,2812,0.34,575
650,43.58,0.94,Stockport,https://www.rightmove.co.uk/properties/151921790,"£1,200,000","41,000 sq ft",29268.29,19.74,815,2,19.82,316,45385,0.55,579,4250.00,2.19,632,10534,1.28,291
651,43.43,0.00,Newport,https://www.rightmove.co.uk/properties/159635762,"£1,650,000",Ask agent,0.00,20.00,1,2,19.82,316,3180,0.04,877,0.00,0.00,637,29372,3.57,64
652,43.37,30.00,Stevenage,https://www.rightmove.co.uk/properties/162385496,"£2,650,000","1,306,800 sq ft",2027.85,19.98,693,1,19.91,187,28275,0.34,650,0.00,0.00,637,25761,3.13,85
653,43.16,0.06,London,https://www.rightmove.co.uk/properties/162715676,"£2,500,000","2,536 sq ft",985804.42,11.19,995,112,10.04,994,947202,11.53,22,19850.00,10.21,224,1522,0.19,668
654,43.14,3.95,Stockport,https://www.rightmove.co.uk/properties/153594563,"£1,200,000","172,062 sq ft",6974.23,19.94,726,2,19.82,316,14925,0.18,736,1800.00,0.93,633,18674,2.27,131
655,43.13,0.00,Exeter,https://www.rightmove.co.uk/properties/160966346,"£2,200,000",Ask agent,0.00,20.00,1,4,19.64,473,10640,0.13,785,5200.00,2.67,628,5590,0.68,455
656,43.10,102.62,Reading,https://www.rightmove.co.uk/properties/162241058,"£1,750,000","4,470,248 sq ft",391.48,20.00,661,1,19.91,187,252040,3.07,224,0.00,0.00,637,1041,0.13,723
657,43.10,7.70,Gloucester,https://www.rightmove.co.uk/properties/148819292,"£1,250,000","335,412 sq ft",3726.76,19.97,705,1,19.91,187,263465,3.21,213,0.00,0.00,637,94,0.01,954
658,43.09,2.90,Lancaster,https://www.rightmove.co.uk/properties/157213175,POA,"126,324 sq ft",0.00,20.00,1,1,19.91,187,6590,0.08,831,6000.00,3.08,626,135,0.02,936
659,43.05,0.13,Lancaster,https://www.rightmove.co.uk/properties/161599913,"£1,400,000","5,759 sq ft",243097.76,17.83,929,2,19.82,316,9735,0.12,792,6900.00,3.55,620,14262,1.73,209
660,43.05,0.00,Norwich,https://www.rightmove.co.uk/properties/128142257,POA,Ask agent,0.00,20.00,1,1,19.91,187,5355,0.07,844,0.00,0.00,637,25240,3.07,89
661,42.93,0.00,Bristol,https://www.rightmove.co.uk/properties/133641203,"£1,250,000",Ask agent,0.00,20.00,1,3,19.73,398,18440,0.22,706,5700.00,2.93,627,345,0.04,853
662,42.90,0.00,Exeter,https://www.rightmove.co.uk/properties/158913344,"£3,500,000",Ask agent,0.00,20.00,1,4,19.64,473,10640,0.13,785,5200.00,2.67,628,3737,0.45,535
663,42.79,2.85,Northampton,https://www.rightmove.co.uk/properties/144428861,POA,"124,146 sq ft",0.00,20.00,1,4,19.64,473,254695,3.10,221,0.00,0.00,637,373,0.05,843
664,42.72,0.21,Portsmouth,https://www.rightmove.co.uk/properties/149895617,"£1,000,000","9,031 sq ft",110729.71,19.01,875,8,19.29,692,283150,3.45,195,400.00,0.21,635,6303,0.77,415
665,42.66,3.78,Brighton,https://www.rightmove.co.uk/properties/128000036,"£2,000,000","164,657 sq ft",12146.46,19.89,758,9,19.20,717,178105,2.17,286,0.00,0.00,637,11485,1.40,273
666,42.55,103.30,Cardiff,https://www.rightmove.co.uk/properties/157243904,POA,"4,499,748 sq ft",0.00,20.00,1,0,20.00,1,0,0.00,933,0.00,0.00,637,20982,2.55,111
667,42.54,0.00,Birmingham,https://www.rightmove.co.uk/properties/157943138,"£1,750,000",Ask agent,0.00,20.00,1,1,19.91,187,133425,1.62,366,0.00,0.00,637,8285,1.01,349
668,42.49,11.70,Norwich,https://www.rightmove.co.uk/properties/145487006,POA,"509,652 sq ft",0.00,20.00,1,3,19.73,398,226205,2.75,246,0.00,0.00,637,51,0.01,978
668,42.49,5.61,Norwich,https://www.rightmove.co.uk/properties/128855798,POA,"244,372 sq ft",0.00,20.00,1,3,19.73,398,226205,2.75,246,0.00,0.00,637,51,0.01,978
670,42.49,0.00,Cambridge,https://www.rightmove.co.uk/properties/87116154,"£1,300,000",Ask agent,0.00,20.00,1,3,19.73,398,19690,0.24,702,0.00,0.00,637,20673,2.51,112
671,42.47,0.00,Exeter,https://www.rightmove.co.uk/properties/152834576,"£5,500,000",Ask agent,0.00,20.00,1,5,19.56,544,137560,1.67,353,0.00,0.00,637,10229,1.24,300
672,42.40,194.74,Swindon,https://www.rightmove.co.uk/properties/161043542,"£1,900,000","8,482,874 sq ft",223.98,20.00,605,0,20.00,1,195255,2.38,267,0.00,0.00,637,211,0.03,904
673,42.40,0.00,Colchester,https://www.rightmove.co.uk/properties/149236325,POA,Ask agent,0.00,20.00,1,2,19.82,316,16525,0.20,717,4400.00,2.26,631,937,0.11,745
674,42.33,4.62,Swindon,https://www.rightmove.co.uk/properties/151090439,"£1,250,000","201,247 sq ft",6211.27,19.94,722,4,19.64,473,222835,2.71,249,0.00,0.00,637,233,0.03,891
675,42.24,4.57,Milton Keynes,https://www.rightmove.co.uk/properties/155622014,Sale by Tender,"199,069 sq ft",0.00,20.00,1,1,19.91,187,138275,1.68,348,0.00,0.00,637,5306,0.65,467
676,42.18,0.00,Cardiff,https://www.rightmove.co.uk/properties/86788656,POA,Ask agent,0.00,20.00,1,0,20.00,1,0,0.00,933,0.00,0.00,637,17956,2.18,140
677,42.12,100.69,Peterborough,https://www.rightmove.co.uk/properties/162008330,"£1,175,000","4,386,056 sq ft",267.89,20.00,631,1,19.91,187,48835,0.59,565,0.00,0.00,637,13277,1.62,231
678,42.11,0.06,Peterborough,https://www.rightmove.co.uk/properties/151267709,"£1,700,000","2,627 sq ft",647126.00,14.22,983,4,19.64,473,64030,0.78,506,14500.00,7.46,475,116,0.01,944
679,42.10,397.00,Newport,https://www.rightmove.co.uk/properties/161853875,"£5,250,000","17,293,320 sq ft",303.59,20.00,646,0,20.00,1,0,0.00,933,0.00,0.00,637,17251,2.10,147
680,42.08,6.08,Cardiff,https://www.rightmove.co.uk/properties/136547030,"£1,200,000","264,845 sq ft",4530.95,19.96,709,1,19.91,187,0,0.00,933,0.00,0.00,637,18183,2.21,137
681,42.01,0.00,Portsmouth,https://www.rightmove.co.uk/properties/137685995,"£1,400,000",Ask agent,0.00,20.00,1,7,19.38,648,91385,1.11,437,0.00,0.00,637,12494,1.52,249
682,41.92,2.00,Leicester,https://www.rightmove.co.uk/properties/158729123,"£1,250,000","87,120 sq ft",14348.03,19.87,772,0,20.00,1,92925,1.13,433,0.00,0.00,637,7572,0.92,377
683,41.89,271.40,Carlisle,https://www.rightmove.co.uk/properties/153283952,"£1,400,000","11,821,991 sq ft",118.42,20.00,570,11,19.02,775,80550,0.98,458,0.00,0.00,637,15534,1.89,183
684,41.85,0.00,Slough,https://www.rightmove.co.uk/properties/160759076,"£3,395,000",Ask agent,0.00,20.00,1,0,20.00,1,135590,1.65,362,0.00,0.00,637,1633,0.20,658
685,41.84,0.35,Cleveland,https://www.rightmove.co.uk/properties/155214515,"£1,300,000","15,088 sq ft",86161.19,19.23,866,0,20.00,1,39295,0.48,595,0.00,0.00,637,17509,2.13,144
686,41.77,0.00,York,https://www.rightmove.co.uk/properties/161667854,POA,Ask agent,0.00,20.00,1,1,19.91,187,150235,1.83,318,0.00,0.00,637,204,0.02,907
687,41.73,50.62,Gloucester,https://www.rightmove.co.uk/properties/162319595,"£1,400,000","2,205,007 sq ft",634.92,19.99,676,0,20.00,1,2570,0.03,887,0.00,0.00,637,13997,1.70,218
688,41.69,0.00,Darlington,https://www.rightmove.co.uk/properties/161372762,"£2,100,000",Ask agent,0.00,20.00,1,1,19.91,187,10950,0.13,780,0.00,0.00,637,13526,1.65,226
689,41.63,0.00,Peterborough,https://www.rightmove.co.uk/properties/144215327,"£2,250,000",Ask agent,0.00,20.00,1,2,19.82,316,31175,0.38,631,0.00,0.00,637,11773,1.43,263
690,41.60,0.00,Telford,https://www.rightmove.co.uk/properties/160789118,"£1,000,000",Ask agent,0.00,20.00,1,8,19.29,692,162505,1.98,303,0.00,0.00,637,2757,0.34,579
691,41.53,0.00,Reading,https://www.rightmove.co.uk/properties/160271912,"£2,650,000",Ask agent,0.00,20.00,1,1,19.91,187,113150,1.38,398,0.00,0.00,637,1983,0.24,631
692,41.53,0.00,Birmingham,https://www.rightmove.co.uk/properties/162039863,"£3,000,000",Ask agent,0.00,20.00,1,0,20.00,1,101515,1.24,414,0.00,0.00,637,2407,0.29,604
693,41.52,362.00,Shrewsbury,https://www.rightmove.co.uk/properties/160605485,"£3,250,000","15,768,720 sq ft",206.10,20.00,593,3,19.73,398,79540,0.97,463,0.00,0.00,637,6751,0.82,395
694,41.52,2.00,Swansea,https://www.rightmove.co.uk/properties/158610713,POA,"86,946 sq ft",0.00,20.00,1,0,20.00,1,0,0.00,933,0.00,0.00,637,12483,1.52,250
695,41.52,19.00,Birmingham,https://www.rightmove.co.uk/properties/162038999,"£1,200,000","827,640 sq ft",1449.91,19.99,688,0,20.00,1,101515,1.24,414,0.00,0.00,637,2407,0.29,604
696,41.50,0.03,"Clitheroe
BB7 4DH",https://www.rightmove.co.uk/properties/162042143,"£1,350,000","1,332 sq ft",1013513.51,10.94,996,15,18.67,850,270325,3.29,204,16650.00,8.56,387,292,0.04,866
697,41.49,0.00,Oxford,https://www.rightmove.co.uk/properties/149608058,"£6,500,000",Ask agent,0.00,20.00,1,0,20.00,1,55295,0.67,544,0.00,0.00,637,6687,0.81,396
697,41.49,0.00,Oxford,https://www.rightmove.co.uk/properties/161655671,"£2,705,000",Ask agent,0.00,20.00,1,0,20.00,1,55295,0.67,544,0.00,0.00,637,6687,0.81,396
699,41.48,0.00,Birmingham,https://www.rightmove.co.uk/properties/161912864,"£5,000,000",Ask agent,0.00,20.00,1,0,20.00,1,100230,1.22,418,0.00,0.00,637,2111,0.26,624
700,41.44,20.00,Redhill,https://www.rightmove.co.uk/properties/153165266,"£2,000,000","871,200 sq ft",2295.68,19.98,696,0,20.00,1,41930,0.51,589,0.00,0.00,637,7832,0.95,368
701,41.43,0.00,Peterborough,https://www.rightmove.co.uk/properties/161233763,"£1,500,000",Ask agent,0.00,20.00,1,1,19.91,187,29375,0.36,644,0.00,0.00,637,9545,1.16,316
702,41.39,0.10,Guildford,https://www.rightmove.co.uk/properties/159152942,"£1,250,000","4,572 sq ft",273403.32,17.56,942,5,19.56,544,15530,0.19,729,7900.00,4.06,612,196,0.02,910
703,41.38,130.56,Peterborough,https://www.rightmove.co.uk/properties/162660986,"£1,200,000","5,687,194 sq ft",211.00,20.00,596,1,19.91,187,29990,0.37,639,0.00,0.00,637,9060,1.10,326
704,41.37,0.00,Leicester,https://www.rightmove.co.uk/properties/154124897,"£1,100,000",Ask agent,0.00,20.00,1,2,19.82,316,63525,0.77,510,0.00,0.00,637,6390,0.78,412
705,41.36,6.50,Taunton,https://www.rightmove.co.uk/properties/144666263,"£1,450,000","283,140 sq ft",5121.14,19.95,715,7,19.38,648,77970,0.95,469,0.00,0.00,637,8903,1.08,332
706,41.34,39.29,Colchester,https://www.rightmove.co.uk/properties/156798359,"£2,200,000","1,711,472 sq ft",1285.44,19.99,685,4,19.64,473,139235,1.70,345,0.00,0.00,637,61,0.01,969
707,41.32,190.57,Northampton,https://www.rightmove.co.uk/properties/154152554,"£1,600,000","8,301,229 sq ft",192.74,20.00,587,6,19.47,594,72725,0.89,482,0.00,0.00,637,7965,0.97,361
708,41.32,148.10,Northampton,https://www.rightmove.co.uk/properties/154152287,"£1,300,000","6,451,236 sq ft",201.51,20.00,590,6,19.47,594,72725,0.89,482,0.00,0.00,637,7965,0.97,361
709,41.23,0.00,Cardiff,https://www.rightmove.co.uk/properties/157860398,"£3,850,000",Ask agent,0.00,20.00,1,0,20.00,1,0,0.00,933,0.00,0.00,637,10074,1.23,303
710,41.21,0.00,Cardiff,https://www.rightmove.co.uk/properties/146618783,"£1,350,000",Ask agent,0.00,20.00,1,0,20.00,1,0,0.00,933,0.00,0.00,637,9945,1.21,307
711,41.19,5.29,Bath,https://www.rightmove.co.uk/properties/160738505,"£1,100,000","230,432 sq ft",4773.64,19.96,713,3,19.73,398,121505,1.48,387,0.00,0.00,637,153,0.02,926
712,41.16,0.00,Bristol,https://www.rightmove.co.uk/properties/115220102,"£3,600,000",Ask agent,0.00,20.00,1,13,18.84,817,99865,1.22,420,0.00,0.00,637,9036,1.10,328
713,41.16,6.56,Hemel Hempstead,https://www.rightmove.co.uk/properties/127055819,"£2,500,000","285,754 sq ft",8748.78,19.92,741,1,19.91,187,104755,1.28,408,0.00,0.00,637,415,0.05,831
714,41.16,160.19,Reading,https://www.rightmove.co.uk/properties/162395642,"£1,250,000","6,977,876 sq ft",179.14,20.00,584,1,19.91,187,14775,0.18,737,0.00,0.00,637,8789,1.07,335
715,41.14,0.00,Chelmsford,https://www.rightmove.co.uk/properties/161723132,"£6,900,000",Ask agent,0.00,20.00,1,2,19.82,316,58810,0.72,525,0.00,0.00,637,4982,0.61,477
715,41.14,0.00,Chelmsford,https://www.rightmove.co.uk/properties/161724683,"£2,600,000",Ask agent,0.00,20.00,1,2,19.82,316,58810,0.72,525,0.00,0.00,637,4982,0.61,477
717,41.14,313.49,Chelmsford,https://www.rightmove.co.uk/properties/161724932,"£2,950,000","13,655,624 sq ft",216.03,20.00,600,2,19.82,316,58810,0.72,525,0.00,0.00,637,4982,0.61,477
718,41.13,0.00,Truro,https://www.rightmove.co.uk/properties/160736150,"£1,100,000",Ask agent,0.00,20.00,1,0,20.00,1,5920,0.07,840,0.00,0.00,637,8672,1.05,337
719,41.11,809.51,Worcester,https://www.rightmove.co.uk/properties/159440006,"£13,250,000","35,262,256 sq ft",375.76,20.00,659,4,19.64,473,38770,0.47,599,0.00,0.00,637,8174,0.99,353
720,41.11,2346.53,Nottingham,https://www.rightmove.co.uk/properties/157600802,"£13,000,000","102,214,847 sq ft",127.18,20.00,572,6,19.47,594,48305,0.59,567,0.00,0.00,637,8650,1.05,340
721,41.10,107.64,Nottingham,https://www.rightmove.co.uk/properties/157600811,"£3,000,000","4,688,798 sq ft",639.82,19.99,677,6,19.47,594,48305,0.59,567,0.00,0.00,637,8650,1.05,340
722,41.09,0.00,Enfield,https://www.rightmove.co.uk/properties/159550661,"£2,500,000",Ask agent,0.00,20.00,1,2,19.82,316,80310,0.98,460,0.00,0.00,637,2370,0.29,609
723,41.09,45.00,Guildford,https://www.rightmove.co.uk/properties/160675166,"£16,000,000","1,960,200 sq ft",8162.43,19.93,733,4,19.64,473,113560,1.38,397,0.00,0.00,637,1078,0.13,716
724,41.04,2.95,Worcester,https://www.rightmove.co.uk/properties/150355286,"£1,050,000","128,502 sq ft",8171.08,19.93,734,1,19.91,187,34480,0.42,618,0.00,0.00,637,6427,0.78,410
725,41.04,242.76,Birmingham,https://www.rightmove.co.uk/properties/160750757,"£3,000,000","10,574,626 sq ft",283.70,20.00,639,4,19.64,473,38135,0.46,603,0.00,0.00,637,7662,0.93,375
726,41.03,0.00,Tunbridge Wells,https://www.rightmove.co.uk/properties/149096447,"£3,950,000",Ask agent,0.00,20.00,1,3,19.73,398,12310,0.15,769,0.00,0.00,637,9450,1.15,317
727,41.03,338.00,Kilmarnock,https://www.rightmove.co.uk/properties/146729525,"£4,000,000","14,723,280 sq ft",271.68,20.00,635,0,20.00,1,0,0.00,933,0.00,0.00,637,8456,1.03,344
728,41.02,193.45,Doncaster,https://www.rightmove.co.uk/properties/162005528,"£1,935,000","8,426,682 sq ft",229.63,20.00,611,0,20.00,1,5110,0.06,845,0.00,0.00,637,7893,0.96,365
729,41.02,210.85,Doncaster,https://www.rightmove.co.uk/properties/162005444,"£2,110,000","9,184,626 sq ft",229.73,20.00,612,0,20.00,1,5110,0.06,845,0.00,0.00,637,7893,0.96,365
730,41.02,0.00,Swansea,https://www.rightmove.co.uk/properties/157322636,"£1,200,000",Ask agent,0.00,20.00,1,0,20.00,1,0,0.00,933,0.00,0.00,637,8349,1.02,345
731,40.96,28.47,Lincoln,https://www.rightmove.co.uk/properties/158859107,POA,"1,240,153 sq ft",0.00,20.00,1,1,19.91,187,8165,0.10,809,0.00,0.00,637,7772,0.95,371
732,40.95,0.00,Swansea,https://www.rightmove.co.uk/properties/153977897,"£1,400,000",Ask agent,0.00,20.00,1,0,20.00,1,0,0.00,933,0.00,0.00,637,7802,0.95,369
733,40.89,0.00,Cardiff,https://www.rightmove.co.uk/properties/149658788,"£1,400,000",Ask agent,0.00,20.00,1,0,20.00,1,0,0.00,933,0.00,0.00,637,7343,0.89,384
734,40.87,3.35,Reading,https://www.rightmove.co.uk/properties/153644006,"£2,000,000","146,120 sq ft",13687.38,19.88,769,1,19.91,187,16125,0.20,723,0.00,0.00,637,7268,0.88,386
735,40.84,45.00,Canterbury,https://www.rightmove.co.uk/properties/149493434,"£1,500,000","1,960,200 sq ft",765.23,19.99,680,1,19.91,187,66435,0.81,499,0.00,0.00,637,1041,0.13,723
736,40.83,0.00,Enfield,https://www.rightmove.co.uk/properties/148790210,"£1,500,000",Ask agent,0.00,20.00,1,2,19.82,316,80970,0.99,455,0.00,0.00,637,220,0.03,897
737,40.83,0.00,Llandudno,https://www.rightmove.co.uk/properties/162584276,"£3,100,000",Ask agent,0.00,20.00,1,0,20.00,1,0,0.00,933,0.00,0.00,637,6793,0.83,393
738,40.82,2.92,Canterbury,https://www.rightmove.co.uk/properties/157191764,POA,"127,195 sq ft",0.00,20.00,1,3,19.73,398,80870,0.98,456,0.00,0.00,637,873,0.11,755
739,40.82,0.00,Reading,https://www.rightmove.co.uk/properties/162699080,"£1,500,000",Ask agent,0.00,20.00,1,0,20.00,1,56660,0.69,534,0.00,0.00,637,1100,0.13,715
740,40.82,0.00,Bath,https://www.rightmove.co.uk/properties/162303746,"£1,175,000",Ask agent,0.00,20.00,1,2,19.82,316,16350,0.20,720,0.00,0.00,637,6576,0.80,401
741,40.82,0.00,Birmingham,https://www.rightmove.co.uk/properties/162779654,"£2,500,000",Ask agent,0.00,20.00,1,1,19.91,187,28115,0.34,651,0.00,0.00,637,4655,0.57,490
742,40.79,2.19,Chelmsford,https://www.rightmove.co.uk/properties/159512678,Sale by Tender,"95,396 sq ft",0.00,20.00,1,0,20.00,1,3115,0.04,879,0.00,0.00,637,6202,0.75,424
743,40.77,0.00,Tunbridge Wells,https://www.rightmove.co.uk/properties/161213864,"£2,750,000",Ask agent,0.00,20.00,1,1,19.91,187,9680,0.12,793,0.00,0.00,637,6065,0.74,436
744,40.77,0.00,Bristol,https://www.rightmove.co.uk/properties/160398908,"£1,100,000",Ask agent,0.00,20.00,1,7,19.38,648,111435,1.36,401,0.00,0.00,637,251,0.03,884
745,40.75,402.81,Motherwell,https://www.rightmove.co.uk/properties/161706980,"£2,750,000","17,546,404 sq ft",156.73,20.00,577,0,20.00,1,0,0.00,933,0.00,0.00,637,6209,0.76,422
746,40.75,222.65,Motherwell,https://www.rightmove.co.uk/properties/161706983,"£1,700,000","9,698,634 sq ft",175.28,20.00,583,0,20.00,1,0,0.00,933,0.00,0.00,637,6209,0.76,422
747,40.74,2.67,Bradford,https://www.rightmove.co.uk/properties/160071317,POA,"116,305 sq ft",0.00,20.00,1,1,19.91,187,67670,0.82,494,0.00,0.00,637,67,0.01,966
748,40.73,0.00,Lincoln,https://www.rightmove.co.uk/properties/161719250,POA,Ask agent,0.00,20.00,1,1,19.91,187,3080,0.04,882,0.00,0.00,637,6392,0.78,411
749,40.72,227.00,Northampton,https://www.rightmove.co.uk/properties/155525507,"£3,900,000","9,888,120 sq ft",394.41,20.00,662,1,19.91,187,4210,0.05,860,0.00,0.00,637,6267,0.76,419
750,40.72,0.25,Slough,https://www.rightmove.co.uk/properties/160972019,"£2,800,000","10,700 sq ft",261682.24,17.66,935,4,19.64,473,156690,1.91,310,0.00,0.00,637,12386,1.51,252
751,40.71,6.30,Bristol,https://www.rightmove.co.uk/properties/159235940,"£1,750,000","274,428 sq ft",6376.90,19.94,724,7,19.38,648,111435,1.36,401,0.00,0.00,637,251,0.03,884
752,40.69,0.00,Dorchester,https://www.rightmove.co.uk/properties/152334053,"£1,043,000",Ask agent,0.00,20.00,1,1,19.91,187,25855,0.31,662,0.00,0.00,637,3830,0.47,530
753,40.68,254.00,York,https://www.rightmove.co.uk/properties/152660732,"£2,150,000","11,064,240 sq ft",194.32,20.00,588,0,20.00,1,35870,0.44,612,0.00,0.00,637,2032,0.25,629
754,40.68,230.90,York,https://www.rightmove.co.uk/properties/152662646,"£2,000,000","10,058,004 sq ft",198.85,20.00,589,0,20.00,1,35870,0.44,612,0.00,0.00,637,2032,0.25,629
755,40.67,420.51,Peterborough,https://www.rightmove.co.uk/properties/161095727,"£9,000,000","18,317,416 sq ft",491.34,20.00,670,1,19.91,187,16030,0.20,724,900.00,0.46,634,906,0.11,750
756,40.67,2.07,Salisbury,https://www.rightmove.co.uk/properties/158895347,POA,"90,169 sq ft",0.00,20.00,1,5,19.56,544,16415,0.20,719,0.00,0.00,637,7524,0.92,379
757,40.67,193.46,Ipswich,https://www.rightmove.co.uk/properties/145780199,"£1,800,000","8,427,118 sq ft",213.60,20.00,597,5,19.56,544,3545,0.04,868,0.00,0.00,637,8788,1.07,336
758,40.66,0.00,Colchester,https://www.rightmove.co.uk/properties/160519871,"£1,750,000",Ask agent,0.00,20.00,1,4,19.64,473,67260,0.82,496,0.00,0.00,637,1578,0.19,662
758,40.66,0.00,Colchester,https://www.rightmove.co.uk/properties/160309184,"£1,750,000",Ask agent,0.00,20.00,1,4,19.64,473,67260,0.82,496,0.00,0.00,637,1578,0.19,662
760,40.64,5.00,York,https://www.rightmove.co.uk/properties/137923178,POA,"217,800 sq ft",0.00,20.00,1,0,20.00,1,37740,0.46,605,0.00,0.00,637,1508,0.18,669
761,40.64,392.49,York,https://www.rightmove.co.uk/properties/152647244,"£3,850,000","17,096,864 sq ft",225.19,20.00,606,0,20.00,1,37740,0.46,605,0.00,0.00,637,1508,0.18,669
762,40.62,65.48,Swansea,https://www.rightmove.co.uk/properties/158427731,POA,"2,852,309 sq ft",0.00,20.00,1,0,20.00,1,0,0.00,933,0.00,0.00,637,5116,0.62,472
763,40.62,4.80,Redhill,https://www.rightmove.co.uk/properties/158408423,"£2,000,000","209,088 sq ft",9565.35,19.91,745,8,19.29,692,55565,0.68,543,0.00,0.00,637,6100,0.74,431
764,40.62,0.00,Tunbridge Wells,https://www.rightmove.co.uk/properties/159751100,"£1,150,000",Ask agent,0.00,20.00,1,0,20.00,1,7120,0.09,827,0.00,0.00,637,4367,0.53,500
765,40.61,0.00,Shrewsbury,https://www.rightmove.co.uk/properties/135239309,"£1,000,000",Ask agent,0.00,20.00,1,0,20.00,1,0,0.00,933,0.00,0.00,637,5033,0.61,475
766,40.61,0.00,Reading,https://www.rightmove.co.uk/properties/157282823,"£1,000,000",Ask agent,0.00,20.00,1,0,20.00,1,47520,0.58,573,0.00,0.00,637,260,0.03,879
767,40.61,0.70,Salisbury,https://www.rightmove.co.uk/properties/135583712,POA,"30,677 sq ft",0.00,20.00,1,5,19.56,544,13290,0.16,751,0.00,0.00,637,7309,0.89,385
768,40.60,0.00,Tunbridge Wells,https://www.rightmove.co.uk/properties/148099421,"£2,150,000",Ask agent,0.00,20.00,1,0,20.00,1,5950,0.07,839,0.00,0.00,637,4341,0.53,502
769,40.60,518.00,Reading,https://www.rightmove.co.uk/properties/161819246,"£8,000,000","22,564,080 sq ft",354.55,20.00,656,0,20.00,1,10465,0.13,787,0.00,0.00,637,3914,0.48,525
770,40.60,7.80,Colchester,https://www.rightmove.co.uk/properties/150489929,"£1,645,000","339,768 sq ft",4841.54,19.96,714,0,20.00,1,33740,0.41,619,0.00,0.00,637,1901,0.23,638
771,40.60,0.00,Dudley,https://www.rightmove.co.uk/properties/157646549,"£1,200,000",Ask agent,0.00,20.00,1,0,20.00,1,9670,0.12,794,0.00,0.00,637,3933,0.48,523
772,40.59,0.00,Birmingham,https://www.rightmove.co.uk/properties/162374405,"£1,900,000",Ask agent,0.00,20.00,1,1,19.91,187,2530,0.03,888,0.00,0.00,637,5320,0.65,464
772,40.59,0.00,Birmingham,https://www.rightmove.co.uk/properties/162375329,"£1,350,000",Ask agent,0.00,20.00,1,1,19.91,187,2530,0.03,888,0.00,0.00,637,5320,0.65,464
774,40.59,0.00,Dumfries,https://www.rightmove.co.uk/properties/153835397,"£2,000,000",Ask agent,0.00,20.00,1,0,20.00,1,0,0.00,933,0.00,0.00,637,4839,0.59,485
775,40.57,2.00,Enfield,https://www.rightmove.co.uk/properties/159573755,"£2,500,000","87,120 sq ft",28696.05,19.74,813,2,19.82,316,80310,0.98,460,0.00,0.00,637,220,0.03,897
776,40.57,4.89,Dumfries,https://www.rightmove.co.uk/properties/161593793,POA,"213,139 sq ft",0.00,20.00,1,5,19.56,544,0,0.00,933,0.00,0.00,637,8323,1.01,346
777,40.57,0.00,Ipswich,https://www.rightmove.co.uk/properties/153282893,"£3,000,000",Ask agent,0.00,20.00,1,0,20.00,1,4520,0.06,854,0.00,0.00,637,4206,0.51,510
778,40.54,0.00,Chelmsford,https://www.rightmove.co.uk/properties/160853201,"£25,000,000",Ask agent,0.00,20.00,1,4,19.64,473,30240,0.37,637,0.00,0.00,637,4331,0.53,503
779,40.54,139.64,Nottingham,https://www.rightmove.co.uk/properties/162018437,"£1,400,000","6,082,680 sq ft",230.16,20.00,613,0,20.00,1,7400,0.09,825,0.00,0.00,637,3695,0.45,542
780,40.53,380.00,Chelmsford,https://www.rightmove.co.uk/properties/160851926,"£25,000,000","16,552,800 sq ft",1510.32,19.99,690,4,19.64,473,30685,0.37,634,0.00,0.00,637,4331,0.53,503
781,40.53,1.64,Chelmsford,https://www.rightmove.co.uk/properties/158554979,"£1,000,000","71,438 sq ft",13998.15,19.87,770,2,19.82,316,58575,0.71,529,0.00,0.00,637,980,0.12,738
782,40.52,0.00,Dumfries,https://www.rightmove.co.uk/properties/153822878,"£1,200,000",Ask agent,0.00,20.00,1,0,20.00,1,0,0.00,933,0.00,0.00,637,4312,0.52,505
783,40.52,0.00,York,https://www.rightmove.co.uk/properties/152686388,"£2,000,000",Ask agent,0.00,20.00,1,2,19.82,316,37740,0.46,605,0.00,0.00,637,1963,0.24,634
784,40.51,0.00,Salisbury,https://www.rightmove.co.uk/properties/162491753,"£1,000,000",Ask agent,0.00,20.00,1,3,19.73,398,23915,0.29,679,0.00,0.00,637,4023,0.49,517
785,40.49,0.00,Bath,https://www.rightmove.co.uk/properties/153073121,"£1,000,000",Ask agent,0.00,20.00,1,2,19.82,316,53665,0.65,550,0.00,0.00,637,86,0.01,960
786,40.48,0.00,Newport,https://www.rightmove.co.uk/properties/154320713,"£2,000,000",Ask agent,0.00,20.00,1,0,20.00,1,255,0.00,931,0.00,0.00,637,3938,0.48,522
787,40.48,1.60,Newport,https://www.rightmove.co.uk/properties/158726372,POA,"69,696-161,172 sq ft",0.00,20.00,1,0,20.00,1,255,0.00,931,0.00,0.00,637,3930,0.48,524
788,40.47,0.00,Truro,https://www.rightmove.co.uk/properties/155948165,"£1,100,000",Ask agent,0.00,20.00,1,0,20.00,1,3545,0.04,868,0.00,0.00,637,3537,0.43,552
789,40.46,0.00,Salisbury,https://www.rightmove.co.uk/properties/151730345,"£1,600,000",Ask agent,0.00,20.00,1,2,19.82,316,11120,0.14,778,0.00,0.00,637,4115,0.50,515
790,40.45,82.01,Liverpool,https://www.rightmove.co.uk/properties/86814672,"£1,250,000","3,572,356 sq ft",349.91,20.00,655,1,19.91,187,24150,0.29,678,0.00,0.00,637,2039,0.25,628
791,40.45,83.37,Norwich,https://www.rightmove.co.uk/properties/149681996,POA,"3,631,597 sq ft",0.00,20.00,1,1,19.91,187,8515,0.10,806,0.00,0.00,637,3559,0.43,550
792,40.44,0.00,Peterborough,https://www.rightmove.co.uk/properties/161912681,"£1,500,000",Ask agent,0.00,20.00,1,0,20.00,1,1855,0.02,901,0.00,0.00,637,3448,0.42,558
793,40.43,180.00,Guildford,https://www.rightmove.co.uk/properties/128719304,"£3,500,000","7,840,800 sq ft",446.38,20.00,667,2,19.82,316,15920,0.19,726,0.00,0.00,637,3469,0.42,556
794,40.41,289.07,Doncaster,https://www.rightmove.co.uk/properties/162277133,"£2,750,000","12,591,889 sq ft",218.39,20.00,601,0,20.00,1,28925,0.35,645,0.00,0.00,637,509,0.06,812
795,40.41,0.00,Swansea,https://www.rightmove.co.uk/properties/161154227,"£1,350,000",Ask agent,0.00,20.00,1,0,20.00,1,0,0.00,933,0.00,0.00,637,3331,0.41,561
796,40.40,0.00,Walsall,https://www.rightmove.co.uk/properties/155029340,"£1,350,000",Ask agent,0.00,20.00,1,4,19.64,473,50020,0.61,562,0.00,0.00,637,1198,0.15,702
797,40.40,0.00,Crewe,https://www.rightmove.co.uk/properties/162487388,"£1,160,000",Ask agent,0.00,20.00,1,0,20.00,1,24515,0.30,674,0.00,0.00,637,819,0.10,760
798,40.40,0.07,Sheffield,https://www.rightmove.co.uk/properties/158293793,"£1,200,000","3,079 sq ft",389736.93,16.52,963,1,19.91,187,35320,0.43,615,6600.00,3.39,622,1186,0.14,703
799,40.39,4.06,Doncaster,https://www.rightmove.co.uk/properties/155252261,"£1,750,000","176,854 sq ft",9895.17,19.91,747,2,19.82,316,6690,0.08,830,0.00,0.00,637,4759,0.58,487
800,40.39,236.85,Lincoln,https://www.rightmove.co.uk/properties/162008996,"£2,446,000","10,317,186 sq ft",237.08,20.00,617,2,19.82,316,15280,0.19,731,0.00,0.00,637,3165,0.39,564
801,40.39,101.74,Lincoln,https://www.rightmove.co.uk/properties/162009410,"£1,160,000","4,431,794 sq ft",261.75,20.00,626,2,19.82,316,15280,0.19,731,0.00,0.00,637,3165,0.39,564
802,40.38,1.10,Ipswich,https://www.rightmove.co.uk/properties/159004373,"£1,250,000","47,916 sq ft",26087.32,19.77,806,3,19.73,398,48700,0.59,566,0.00,0.00,637,2382,0.29,608
803,40.37,0.00,Brighton,https://www.rightmove.co.uk/properties/144507038,"£1,399,950",Ask agent,0.00,20.00,1,0,20.00,1,27735,0.34,653,0.00,0.00,637,252,0.03,883
804,40.37,138.00,Coventry,https://www.rightmove.co.uk/properties/155990981,"£1,500,000","6,011,280 sq ft",249.53,20.00,621,0,20.00,1,5710,0.07,842,0.00,0.00,637,2457,0.30,598
805,40.36,9.35,Peterborough,https://www.rightmove.co.uk/properties/160307573,"£1,900,000","407,286 sq ft",4665.03,19.96,712,1,19.91,187,12625,0.15,762,0.00,0.00,637,2778,0.34,577
806,40.35,2.81,Colchester,https://www.rightmove.co.uk/properties/156887006,"£1,500,000","122,404 sq ft",12254.50,19.89,760,3,19.73,398,32995,0.40,621,0.00,0.00,637,2692,0.33,584
807,40.35,129.50,Swansea,https://www.rightmove.co.uk/properties/153065882,"£1,295,000","5,641,020 sq ft",229.57,20.00,610,0,20.00,1,0,0.00,933,0.00,0.00,637,2860,0.35,572
808,40.34,8.44,Bath,https://www.rightmove.co.uk/properties/145872554,"£1,100,000","367,646 sq ft",2992.01,19.97,702,4,19.64,473,7780,0.09,820,0.00,0.00,637,5186,0.63,471
809,40.34,123.06,Norwich,https://www.rightmove.co.uk/properties/150606644,"£1,100,000","5,360,494 sq ft",205.20,20.00,591,0,20.00,1,26390,0.32,658,0.00,0.00,637,187,0.02,915
810,40.34,0.00,Llandrindod Wells,https://www.rightmove.co.uk/properties/148719884,"£1,000,000",Ask agent,0.00,20.00,1,0,20.00,1,0,0.00,933,0.00,0.00,637,2810,0.34,576
811,40.33,0.00,Bristol,https://www.rightmove.co.uk/properties/153278675,"£1,250,000",Ask agent,0.00,20.00,1,1,19.91,187,16740,0.20,714,0.00,0.00,637,1756,0.21,647
812,40.33,0.00,Peterborough,https://www.rightmove.co.uk/properties/162018728,"£2,700,000",Ask agent,0.00,20.00,1,1,19.91,187,32370,0.39,623,0.00,0.00,637,170,0.02,920
813,40.32,0.00,Peterborough,https://www.rightmove.co.uk/properties/160389386,"£2,000,000",Ask agent,0.00,20.00,1,1,19.91,187,12210,0.15,771,0.00,0.00,637,2126,0.26,623
814,40.32,213.99,Nottingham,https://www.rightmove.co.uk/properties/161617883,"£2,000,000","9,321,404 sq ft",214.56,20.00,598,0,20.00,1,15845,0.19,728,0.00,0.00,637,1028,0.13,726
815,40.31,0.00,Bristol,https://www.rightmove.co.uk/properties/148540127,"£1,200,000",Ask agent,0.00,20.00,1,10,19.11,747,95500,1.16,425,0.00,0.00,637,266,0.03,875
816,40.31,0.00,Doncaster,https://www.rightmove.co.uk/properties/162186920,Sale by Tender,Ask agent,0.00,20.00,1,0,20.00,1,10715,0.13,783,0.00,0.00,637,1435,0.17,674
817,40.30,0.04,Canterbury,https://www.rightmove.co.uk/properties/161337020,"£1,000,000","1,820 sq ft",549450.55,15.09,975,0,20.00,1,20810,0.25,697,9600.00,4.94,594,214,0.03,902
818,40.30,141.81,Worcester,https://www.rightmove.co.uk/properties/161999348,"£2,100,000","6,177,244 sq ft",339.96,20.00,652,0,20.00,1,340,0.00,928,0.00,0.00,637,2488,0.30,594
819,40.30,0.00,York,https://www.rightmove.co.uk/properties/151542233,"£1,750,000",Ask agent,0.00,20.00,1,1,19.91,187,3095,0.04,880,0.00,0.00,637,2913,0.35,571
820,40.30,154.32,Worcester,https://www.rightmove.co.uk/properties/162000317,"£2,850,000","6,722,179 sq ft",423.97,20.00,665,0,20.00,1,340,0.00,928,0.00,0.00,637,2488,0.30,594
821,40.30,0.00,Exeter,https://www.rightmove.co.uk/properties/158209643,"£1,750,000",Ask agent,0.00,20.00,1,1,19.91,187,8340,0.10,807,0.00,0.00,637,2354,0.29,613
822,40.29,0.37,Llandudno,https://www.rightmove.co.uk/properties/161641529,Sale by Tender,"15,907 sq ft",0.00,20.00,1,0,20.00,1,0,0.00,933,0.00,0.00,637,2417,0.29,600
823,40.29,1.19,Telford,https://www.rightmove.co.uk/properties/154608824,"£1,300,000","51,706 sq ft",25142.15,19.78,804,2,19.82,316,660,0.01,924,0.00,0.00,637,5645,0.69,453
824,40.28,0.00,Lancaster,https://www.rightmove.co.uk/properties/125704472,"£1,050,000",Ask agent,0.00,20.00,1,0,20.00,1,3405,0.04,873,0.00,0.00,637,1971,0.24,633
825,40.27,53.24,Exeter,https://www.rightmove.co.uk/properties/156528410,"£1,650,000","2,319,134 sq ft",711.47,19.99,679,2,19.82,316,2480,0.03,890,0.00,0.00,637,3502,0.43,555
826,40.27,168.85,Norwich,https://www.rightmove.co.uk/properties/159152210,POA,"7,354,973 sq ft",0.00,20.00,1,1,19.91,187,8040,0.10,815,0.00,0.00,637,2159,0.26,620
826,40.27,168.85,Norwich,https://www.rightmove.co.uk/properties/159152267,POA,"7,354,973 sq ft",0.00,20.00,1,1,19.91,187,8040,0.10,815,0.00,0.00,637,2159,0.26,620
828,40.26,0.00,Lincoln,https://www.rightmove.co.uk/properties/162609419,"£1,360,000",Ask agent,0.00,20.00,1,0,20.00,1,8560,0.10,804,0.00,0.00,637,1301,0.16,691
829,40.25,0.00,Cleveland,https://www.rightmove.co.uk/properties/149500064,"£2,650,000",Ask agent,0.00,20.00,1,0,20.00,1,13340,0.16,749,0.00,0.00,637,679,0.08,778
830,40.24,0.00,Chelmsford,https://www.rightmove.co.uk/properties/155557580,"£1,600,000",Ask agent,0.00,20.00,1,0,20.00,1,15945,0.19,725,0.00,0.00,637,410,0.05,834
831,40.24,0.00,Oxford,https://www.rightmove.co.uk/properties/160726031,"£1,500,000",Ask agent,0.00,20.00,1,0,20.00,1,3080,0.04,882,0.00,0.00,637,1649,0.20,655
832,40.24,0.00,Swindon,https://www.rightmove.co.uk/properties/162411401,"£1,200,000",Ask agent,0.00,20.00,1,3,19.73,398,4830,0.06,849,0.00,0.00,637,3664,0.45,544
833,40.23,1.25,Swindon,https://www.rightmove.co.uk/properties/162201092,"£1,300,000","54,450 sq ft",23875.11,19.79,799,0,20.00,1,6180,0.08,834,0.00,0.00,637,3067,0.37,567
834,40.23,0.00,Tunbridge Wells,https://www.rightmove.co.uk/properties/150598928,"£3,000,000",Ask agent,0.00,20.00,1,0,20.00,1,6145,0.07,835,0.00,0.00,637,1315,0.16,690
835,40.22,0.00,Dumfries,https://www.rightmove.co.uk/properties/153743213,"£1,800,000",Ask agent,0.00,20.00,1,0,20.00,1,0,0.00,933,0.00,0.00,637,1818,0.22,643
836,40.21,392.15,Hull,https://www.rightmove.co.uk/properties/158572124,"£3,900,000","17,082,054 sq ft",228.31,20.00,608,0,20.00,1,1795,0.02,904,0.00,0.00,637,1528,0.19,667
837,40.20,0.00,Lancaster,https://www.rightmove.co.uk/properties/161777660,"£3,500,000",Ask agent,0.00,20.00,1,0,20.00,1,7240,0.09,826,0.00,0.00,637,953,0.12,743
838,40.20,0.00,Llandrindod Wells,https://www.rightmove.co.uk/properties/148966121,"£1,500,000",Ask agent,0.00,20.00,1,0,20.00,1,0,0.00,933,0.00,0.00,637,1608,0.20,660
839,40.19,0.00,Plymouth,https://www.rightmove.co.uk/properties/160220015,"£4,650,000",Ask agent,0.00,20.00,1,0,20.00,1,15340,0.19,730,0.00,0.00,637,28,0.00,989
840,40.19,249.19,Doncaster,https://www.rightmove.co.uk/properties/141340994,"£1,900,000","10,854,716 sq ft",175.04,20.00,582,0,20.00,1,11210,0.14,777,0.00,0.00,637,451,0.05,823
841,40.18,29.00,Tunbridge Wells,https://www.rightmove.co.uk/properties/153386615,"£3,500,000","1,263,240 sq ft",2770.65,19.98,699,2,19.82,316,30265,0.37,635,0.00,0.00,637,156,0.02,925
842,40.17,0.00,Tunbridge Wells,https://www.rightmove.co.uk/properties/148102109,"£2,150,000",Ask agent,0.00,20.00,1,0,20.00,1,11860,0.14,774,0.00,0.00,637,192,0.02,913
843,40.17,0.00,Dumfries,https://www.rightmove.co.uk/properties/153782108,"£4,400,000",Ask agent,0.00,20.00,1,0,20.00,1,0,0.00,933,0.00,0.00,637,1379,0.17,680
843,40.17,0.00,Dumfries,https://www.rightmove.co.uk/properties/153782582,"£1,400,000",Ask agent,0.00,20.00,1,0,20.00,1,0,0.00,933,0.00,0.00,637,1379,0.17,680
845,40.17,0.00,Plymouth,https://www.rightmove.co.uk/properties/122350841,"£1,000,000",Ask agent,0.00,20.00,1,0,20.00,1,3780,0.05,865,0.00,0.00,637,998,0.12,736
845,40.17,0.00,Plymouth,https://www.rightmove.co.uk/properties/122350862,"£2,000,000",Ask agent,0.00,20.00,1,0,20.00,1,3780,0.05,865,0.00,0.00,637,998,0.12,736
847,40.16,2.53,Medway,https://www.rightmove.co.uk/properties/161599625,"£1,500,000","110,000 sq ft",13636.36,19.88,768,0,20.00,1,4760,0.06,850,0.00,0.00,637,1836,0.22,642
848,40.15,0.00,Truro,https://www.rightmove.co.uk/properties/162266957,"£1,000,000",Ask agent,0.00,20.00,1,0,20.00,1,8130,0.10,811,0.00,0.00,637,460,0.06,822
849,40.15,0.00,Carlisle,https://www.rightmove.co.uk/properties/160383929,"£1,075,000",Ask agent,0.00,20.00,1,0,20.00,1,0,0.00,933,0.00,0.00,637,1259,0.15,695
850,40.15,193.73,Exeter,https://www.rightmove.co.uk/properties/161450639,"£3,650,000","8,438,879 sq ft",432.52,20.00,666,0,20.00,1,950,0.01,918,0.00,0.00,637,1169,0.14,707
851,40.15,0.00,Lancaster,https://www.rightmove.co.uk/properties/161265980,"£1,000,000",Ask agent,0.00,20.00,1,0,20.00,1,10990,0.13,779,0.00,0.00,637,100,0.01,953
852,40.13,0.00,Dorchester,https://www.rightmove.co.uk/properties/151945025,"£6,000,000",Ask agent,0.00,20.00,1,2,19.82,316,7520,0.09,822,0.00,0.00,637,1818,0.22,643
852,40.13,0.00,Dorchester,https://www.rightmove.co.uk/properties/159145019,"£1,075,000",Ask agent,0.00,20.00,1,2,19.82,316,7520,0.09,822,0.00,0.00,637,1818,0.22,643
854,40.13,171.37,Lincoln,https://www.rightmove.co.uk/properties/162594356,"£1,360,000","7,464,877 sq ft",182.19,20.00,585,0,20.00,1,9815,0.12,791,0.00,0.00,637,76,0.01,963
855,40.13,0.00,Stoke-on-Trent,https://www.rightmove.co.uk/properties/154326218,"£1,788,000",Ask agent,0.00,20.00,1,0,20.00,1,4960,0.06,847,0.00,0.00,637,537,0.07,805
856,40.13,63.49,Stevenage,https://www.rightmove.co.uk/properties/161760239,"£1,350,000","2,765,624 sq ft",488.14,20.00,669,1,19.91,187,8230,0.10,808,0.00,0.00,637,972,0.12,740
857,40.13,234.00,Derby,https://www.rightmove.co.uk/properties/162435827,"£2,750,000","10,193,040 sq ft",269.79,20.00,633,0,20.00,1,10060,0.12,788,0.00,0.00,637,42,0.01,981
858,40.12,249.45,Hull,https://www.rightmove.co.uk/properties/162000998,"£1,870,000","10,866,042 sq ft",172.10,20.00,581,0,20.00,1,6445,0.08,832,0.00,0.00,637,352,0.04,850
859,40.12,307.19,Canterbury,https://www.rightmove.co.uk/properties/160164755,"£4,225,000","13,381,196 sq ft",315.74,20.00,649,1,19.91,187,13040,0.16,755,0.00,0.00,637,405,0.05,835
860,40.11,0.00,Peterborough,https://www.rightmove.co.uk/properties/149403971,"£1,600,000",Ask agent,0.00,20.00,1,0,20.00,1,1370,0.02,911,0.00,0.00,637,804,0.10,761
861,40.11,0.00,Harrogate,https://www.rightmove.co.uk/properties/162653372,"£1,000,000",Ask agent,0.00,20.00,1,0,20.00,1,2080,0.03,897,0.00,0.00,637,711,0.09,772
862,40.11,0.00,Swansea,https://www.rightmove.co.uk/properties/162038864,"£1,300,000",Ask agent,0.00,20.00,1,1,19.91,187,0,0.00,933,0.00,0.00,637,1643,0.20,656
863,40.11,0.00,Southampton,https://www.rightmove.co.uk/properties/161110841,"£1,012,000",Ask agent,0.00,20.00,1,0,20.00,1,7995,0.10,818,0.00,0.00,637,88,0.01,957
864,40.11,0.00,Swansea,https://www.rightmove.co.uk/properties/161054762,"£1,295,000",Ask agent,0.00,20.00,1,0,20.00,1,0,0.00,933,0.00,0.00,637,886,0.11,753
865,40.11,0.21,Colchester,https://www.rightmove.co.uk/properties/159091988,"£1,250,000","9,000 sq ft",138888.89,18.76,888,4,19.64,473,139235,1.70,345,0.00,0.00,637,61,0.01,969
866,40.10,0.00,Chelmsford,https://www.rightmove.co.uk/properties/162647915,"£1,200,000",Ask agent,0.00,20.00,1,3,19.73,398,18815,0.23,705,0.00,0.00,637,1140,0.14,713
867,40.10,0.00,Birmingham,https://www.rightmove.co.uk/properties/151987172,"£2,700,000",Ask agent,0.00,20.00,1,1,19.91,187,15070,0.18,733,0.00,0.00,637,32,0.00,987
867,40.10,0.00,Birmingham,https://www.rightmove.co.uk/properties/151987157,"£1,100,000",Ask agent,0.00,20.00,1,1,19.91,187,15070,0.18,733,0.00,0.00,637,32,0.00,987
869,40.10,0.00,Harrogate,https://www.rightmove.co.uk/properties/140491991,"£1,300,000",Ask agent,0.00,20.00,1,0,20.00,1,910,0.01,919,0.00,0.00,637,711,0.09,772
870,40.10,0.00,Truro,https://www.rightmove.co.uk/properties/160266371,"£1,000,000",Ask agent,0.00,20.00,1,1,19.91,187,1625,0.02,906,0.00,0.00,637,1361,0.17,685
870,40.10,0.00,Truro,https://www.rightmove.co.uk/properties/160198454,"£1,000,000",Ask agent,0.00,20.00,1,1,19.91,187,1625,0.02,906,0.00,0.00,637,1361,0.17,685
872,40.10,0.00,Chelmsford,https://www.rightmove.co.uk/properties/160441751,"£1,250,000",Ask agent,0.00,20.00,1,0,20.00,1,4645,0.06,852,0.00,0.00,637,324,0.04,859
873,40.09,0.00,Stevenage,https://www.rightmove.co.uk/properties/157952291,"£1,250,000",Ask agent,0.00,20.00,1,1,19.91,187,12700,0.15,761,0.00,0.00,637,235,0.03,890
874,40.09,44.00,Medway,https://www.rightmove.co.uk/properties/161734970,"£2,200,000","1,916,640 sq ft",1147.84,19.99,683,1,19.91,187,12385,0.15,768,0.00,0.00,637,346,0.04,852
875,40.09,1.21,Torquay,https://www.rightmove.co.uk/properties/161687705,"£1,000,000","52,708 sq ft",18972.45,19.83,786,1,19.91,187,25220,0.31,668,0.00,0.00,637,355,0.04,849
876,40.09,1.35,Cambridge,https://www.rightmove.co.uk/properties/86892627,"£1,000,000","58,806 sq ft",17005.07,19.85,780,2,19.82,316,23030,0.28,683,0.00,0.00,637,1160,0.14,711
877,40.09,5.20,Galashiels,https://www.rightmove.co.uk/properties/106247945,"£1,000,000","226,512 sq ft",4414.78,19.96,708,0,20.00,1,0,0.00,933,0.00,0.00,637,1059,0.13,721
878,40.09,1033.00,Reading,https://www.rightmove.co.uk/properties/161819192,"£15,000,000","44,997,480 sq ft",333.35,20.00,651,1,19.91,187,9640,0.12,795,0.00,0.00,637,516,0.06,810
879,40.08,121.01,Torquay,https://www.rightmove.co.uk/properties/157438652,"£1,500,000","5,271,196 sq ft",284.57,20.00,640,0,20.00,1,0,0.00,933,0.00,0.00,637,713,0.09,771
880,40.08,0.00,Kilmarnock,https://www.rightmove.co.uk/properties/153823724,"£1,800,000",Ask agent,0.00,20.00,1,0,20.00,1,0,0.00,933,0.00,0.00,637,667,0.08,781
881,40.08,0.00,Swansea,https://www.rightmove.co.uk/properties/160218620,"£2,350,000",Ask agent,0.00,20.00,1,0,20.00,1,0,0.00,933,0.00,0.00,637,650,0.08,783
882,40.08,5.44,Shrewsbury,https://www.rightmove.co.uk/properties/151910384,"£1,000,000","236,749 sq ft",4223.88,19.96,707,2,19.82,316,2730,0.03,885,0.00,0.00,637,2148,0.26,622
883,40.08,0.00,Oxford,https://www.rightmove.co.uk/properties/161873969,"£3,500,000",Ask agent,0.00,20.00,1,0,20.00,1,4515,0.05,856,0.00,0.00,637,194,0.02,911
884,40.07,0.00,Tunbridge Wells,https://www.rightmove.co.uk/properties/160620947,"£1,500,000",Ask agent,0.00,20.00,1,0,20.00,1,3335,0.04,875,0.00,0.00,637,262,0.03,876
885,40.07,0.00,Dumfries,https://www.rightmove.co.uk/properties/162643895,"£1,250,000",Ask agent,0.00,20.00,1,0,20.00,1,0,0.00,933,0.00,0.00,637,557,0.07,803
886,40.07,0.00,Bristol,https://www.rightmove.co.uk/properties/153278525,"£1,100,000",Ask agent,0.00,20.00,1,2,19.82,316,16740,0.20,714,0.00,0.00,637,341,0.04,855
887,40.07,821.81,Nottingham,https://www.rightmove.co.uk/properties/162032660,"£9,000,000","35,798,044 sq ft",251.41,20.00,622,0,20.00,1,3475,0.04,871,0.00,0.00,637,218,0.03,901
888,40.07,128.79,Ipswich,https://www.rightmove.co.uk/properties/161862719,"£1,175,000","5,610,092 sq ft",209.44,20.00,595,0,20.00,1,4520,0.06,854,0.00,0.00,637,104,0.01,952
889,40.06,0.00,Portsmouth,https://www.rightmove.co.uk/properties/124665869,"£1,000,000",Ask agent,0.00,20.00,1,1,19.91,187,9265,0.11,798,0.00,0.00,637,331,0.04,857
890,40.06,2773.05,Torquay,https://www.rightmove.co.uk/properties/150986771,"£1,545,000","120,794,058 sq ft",12.79,20.00,566,1,19.91,187,3125,0.04,878,0.00,0.00,637,914,0.11,748
891,40.06,0.59,Lancaster,https://www.rightmove.co.uk/properties/157260233,"£1,200,000","25,700 sq ft",46692.61,19.58,834,0,20.00,1,12520,0.15,765,0.00,0.00,637,2670,0.32,587
891,40.06,0.59,Lancaster,https://www.rightmove.co.uk/properties/157259936,"£1,200,000","25,700 sq ft",46692.61,19.58,834,0,20.00,1,12520,0.15,765,0.00,0.00,637,2670,0.32,587
893,40.06,196.00,Derby,https://www.rightmove.co.uk/properties/148251689,"£1,350,000","8,537,760 sq ft",158.12,20.00,578,1,19.91,187,7980,0.10,819,0.00,0.00,637,396,0.05,839
894,40.05,0.00,Carlisle,https://www.rightmove.co.uk/properties/162304562,"£1,650,000",Ask agent,0.00,20.00,1,0,20.00,1,1895,0.02,900,0.00,0.00,637,241,0.03,889
895,40.05,414.52,Cambridge,https://www.rightmove.co.uk/properties/159883715,"£6,300,000","18,056,491 sq ft",348.91,20.00,654,1,19.91,187,1515,0.02,908,0.00,0.00,637,1028,0.13,726
896,40.05,0.00,Llandrindod Wells,https://www.rightmove.co.uk/properties/144434816,"£2,900,000",Ask agent,0.00,20.00,1,0,20.00,1,0,0.00,933,0.00,0.00,637,398,0.05,837
897,40.05,0.00,Bristol,https://www.rightmove.co.uk/properties/161779256,POA,Ask agent,0.00,20.00,1,3,19.73,398,22325,0.27,687,0.00,0.00,637,329,0.04,858
898,40.04,0.00,Swansea,https://www.rightmove.co.uk/properties/147796121,"£1,250,000",Ask agent,0.00,20.00,1,0,20.00,1,0,0.00,933,0.00,0.00,637,369,0.04,844
899,40.04,0.00,Swansea,https://www.rightmove.co.uk/properties/160218782,"£1,300,000",Ask agent,0.00,20.00,1,0,20.00,1,0,0.00,933,0.00,0.00,637,368,0.04,845
900,40.04,50.98,Exeter,https://www.rightmove.co.uk/properties/151120769,"£1,365,000","2,220,689 sq ft",614.67,19.99,674,1,19.91,187,8635,0.11,803,0.00,0.00,637,254,0.03,880
901,40.04,1.50,Derby,https://www.rightmove.co.uk/properties/160077335,"£1,000,000","65,340 sq ft",15304.56,19.86,775,0,20.00,1,1020,0.01,917,0.00,0.00,637,1351,0.16,688
902,40.04,154.88,Stoke-on-Trent,https://www.rightmove.co.uk/properties/150845279,"£2,500,000","6,746,573 sq ft",370.56,20.00,658,0,20.00,1,2805,0.03,884,0.00,0.00,637,60,0.01,971
903,40.03,62.98,Cambridge,https://www.rightmove.co.uk/properties/162195218,"£1,050,000","2,743,409 sq ft",382.74,20.00,660,0,20.00,1,2480,0.03,890,0.00,0.00,637,65,0.01,967
904,40.03,0.85,Cardiff,https://www.rightmove.co.uk/properties/160438835,POA,"37,026 sq ft",0.00,20.00,1,0,20.00,1,0,0.00,933,0.00,0.00,637,281,0.03,869
905,40.03,1.00,Chelmsford,https://www.rightmove.co.uk/properties/153670832,Sale by Tender,"43,560 sq ft",0.00,20.00,1,3,19.73,398,13305,0.16,750,0.00,0.00,637,1140,0.14,713
906,40.03,0.00,York,https://www.rightmove.co.uk/properties/161993660,"£5,500,000",Ask agent,0.00,20.00,1,0,20.00,1,2175,0.03,892,0.00,0.00,637,59,0.01,972
906,40.03,0.00,York,https://www.rightmove.co.uk/properties/162303053,"£1,800,000",Ask agent,0.00,20.00,1,0,20.00,1,2175,0.03,892,0.00,0.00,637,59,0.01,972
906,40.03,0.00,York,https://www.rightmove.co.uk/properties/162303020,"£1,750,000",Ask agent,0.00,20.00,1,0,20.00,1,2175,0.03,892,0.00,0.00,637,59,0.01,972
906,40.03,0.00,York,https://www.rightmove.co.uk/properties/162302459,"£1,350,000",Ask agent,0.00,20.00,1,0,20.00,1,2175,0.03,892,0.00,0.00,637,59,0.01,972
910,40.03,60.29,Plymouth,https://www.rightmove.co.uk/properties/157319279,"£1,100,000","2,626,232 sq ft",418.85,20.00,664,0,20.00,1,310,0.00,930,0.00,0.00,637,270,0.03,873
911,40.03,0.00,Truro,https://www.rightmove.co.uk/properties/157590053,"£6,100,000",Ask agent,0.00,20.00,1,0,20.00,1,2000,0.02,898,0.00,0.00,637,33,0.00,985
911,40.03,0.00,Truro,https://www.rightmove.co.uk/properties/157590083,"£1,180,000",Ask agent,0.00,20.00,1,0,20.00,1,2000,0.02,898,0.00,0.00,637,33,0.00,985
913,40.03,98.43,Exeter,https://www.rightmove.co.uk/properties/162710102,"£2,000,000","4,287,611 sq ft",466.46,20.00,668,0,20.00,1,1400,0.02,910,0.00,0.00,637,120,0.01,942
914,40.03,0.00,Swansea,https://www.rightmove.co.uk/properties/160218629,"£2,000,000",Ask agent,0.00,20.00,1,0,20.00,1,0,0.00,933,0.00,0.00,637,225,0.03,895
915,40.03,88.25,Plymouth,https://www.rightmove.co.uk/properties/161741237,"£1,050,000","3,844,170 sq ft",273.14,20.00,636,1,19.91,187,6110,0.07,838,0.00,0.00,637,361,0.04,847
916,40.02,227.58,Dumfries,https://www.rightmove.co.uk/properties/160820363,"£1,030,000","9,913,385 sq ft",103.90,20.00,569,0,20.00,1,0,0.00,933,0.00,0.00,637,171,0.02,919
917,40.02,0.00,Hereford,https://www.rightmove.co.uk/properties/162390629,"£1,400,000",Ask agent,0.00,20.00,1,0,20.00,1,410,0.00,927,0.00,0.00,637,114,0.01,946
918,40.02,0.00,Edinburgh,https://www.rightmove.co.uk/properties/152171711,"£1,500,000",Ask agent,0.00,20.00,1,0,20.00,1,0,0.00,933,0.00,0.00,637,136,0.02,935
919,40.02,0.00,Leicester,https://www.rightmove.co.uk/properties/155619428,"£1,200,000",Ask agent,0.00,20.00,1,3,19.73,398,3765,0.05,867,0.00,0.00,637,1939,0.24,636
920,40.01,0.00,Hereford,https://www.rightmove.co.uk/properties/160989686,"£13,000,000",Ask agent,0.00,20.00,1,0,20.00,1,0,0.00,933,0.00,0.00,637,114,0.01,946
921,40.01,0.00,Lancaster,https://www.rightmove.co.uk/properties/150542120,"£1,250,000",Ask agent,0.00,20.00,1,0,20.00,1,470,0.01,926,0.00,0.00,637,59,0.01,972
922,40.01,152.19,Hereford,https://www.rightmove.co.uk/properties/160428425,"£1,100,000","6,629,396 sq ft",165.93,20.00,580,0,20.00,1,0,0.00,933,0.00,0.00,637,114,0.01,946
923,40.01,5.36,Hereford,https://www.rightmove.co.uk/properties/142834484,Sale by Tender,"233,482 sq ft",0.00,20.00,1,0,20.00,1,0,0.00,933,0.00,0.00,637,85,0.01,961
924,40.01,0.00,Swansea,https://www.rightmove.co.uk/properties/159903020,"£1,000,000",Ask agent,0.00,20.00,1,0,20.00,1,0,0.00,933,0.00,0.00,637,74,0.01,964
925,40.01,0.00,Shrewsbury,https://www.rightmove.co.uk/properties/161143661,"£1,200,000",Ask agent,0.00,20.00,1,0,20.00,1,0,0.00,933,0.00,0.00,637,59,0.01,972
926,40.00,0.00,Swansea,https://www.rightmove.co.uk/properties/149424419,"£2,750,000",Ask agent,0.00,20.00,1,0,20.00,1,0,0.00,933,0.00,0.00,637,40,0.00,982
926,40.00,0.00,Swansea,https://www.rightmove.co.uk/properties/162428801,"£1,750,000",Ask agent,0.00,20.00,1,0,20.00,1,0,0.00,933,0.00,0.00,637,40,0.00,982
928,40.00,436.91,Shrewsbury,https://www.rightmove.co.uk/properties/162768590,"£4,490,000","19,031,652 sq ft",235.92,20.00,614,0,20.00,1,0,0.00,933,0.00,0.00,637,49,0.01,980
929,40.00,0.00,Swansea,https://www.rightmove.co.uk/properties/160585982,"£2,800,000",Ask agent,0.00,20.00,1,0,20.00,1,0,0.00,933,0.00,0.00,637,21,0.00,991
930,40.00,0.00,Galashiels,https://www.rightmove.co.uk/properties/159809597,"£2,400,000",Ask agent,0.00,20.00,1,0,20.00,1,0,0.00,933,0.00,0.00,637,16,0.00,994
931,40.00,0.00,Dumfries,https://www.rightmove.co.uk/properties/153770444,POA,Ask agent,0.00,20.00,1,0,20.00,1,0,0.00,933,0.00,0.00,637,0,0.00,997
931,40.00,0.00,IM1 2LD,https://www.rightmove.co.uk/properties/152604533,"£2,650,000",Ask agent,0.00,20.00,1,0,20.00,1,0,0.00,933,0.00,0.00,637,0,0.00,997
931,40.00,0.00,Llandrindod Wells,https://www.rightmove.co.uk/properties/160299020,"£1,300,000",Ask agent,0.00,20.00,1,0,20.00,1,0,0.00,933,0.00,0.00,637,0,0.00,997
931,40.00,0.00,Swansea,https://www.rightmove.co.uk/properties/149498171,"£1,000,000",Ask agent,0.00,20.00,1,0,20.00,1,0,0.00,933,0.00,0.00,637,0,0.00,997
931,40.00,0.00,IM1 2LD,https://www.rightmove.co.uk/properties/129301856,"£1,650,000",Ask agent,0.00,20.00,1,0,20.00,1,0,0.00,933,0.00,0.00,637,0,0.00,997
931,40.00,0.00,IM1 2LQ,https://www.rightmove.co.uk/properties/154623041,"£1,495,000",Ask agent,0.00,20.00,1,0,20.00,1,0,0.00,933,0.00,0.00,637,0,0.00,997
931,40.00,0.00,Dumfries,https://www.rightmove.co.uk/properties/153799736,"£2,200,000",Ask agent,0.00,20.00,1,0,20.00,1,0,0.00,933,0.00,0.00,637,0,0.00,997
938,40.00,3.40,Llandrindod Wells,https://www.rightmove.co.uk/properties/125400056,"£1,000,000","148,104 sq ft",6752.01,19.94,725,0,20.00,1,0,0.00,933,0.00,0.00,637,491,0.06,818
939,40.00,408.22,Dumfries,https://www.rightmove.co.uk/properties/162722414,"£1,250,000","17,781,963 sq ft",70.30,20.00,567,0,20.00,1,0,0.00,933,0.00,0.00,637,0,0.00,997
940,40.00,78.13,Llandudno,https://www.rightmove.co.uk/properties/160533710,"£1,400,000","3,403,343 sq ft",411.36,20.00,663,0,20.00,1,0,0.00,933,0.00,0.00,637,21,0.00,991
941,40.00,251.80,Shrewsbury,https://www.rightmove.co.uk/properties/147028436,"£1,500,000","10,968,414 sq ft",136.76,20.00,573,0,20.00,1,0,0.00,933,0.00,0.00,637,0,0.00,997
942,40.00,357.36,Swansea,https://www.rightmove.co.uk/properties/161588690,"£2,200,000","15,566,752 sq ft",141.33,20.00,574,0,20.00,1,0,0.00,933,0.00,0.00,637,0,0.00,997
943,40.00,431.10,Kilmarnock,https://www.rightmove.co.uk/properties/161798300,"£3,000,000","18,778,716 sq ft",159.76,20.00,579,0,20.00,1,0,0.00,933,0.00,0.00,637,0,0.00,997
944,39.99,0.68,Reading,https://www.rightmove.co.uk/properties/160162673,"£1,250,000","29,621 sq ft",42199.79,19.62,829,2,19.82,316,30245,0.37,636,0.00,0.00,637,1488,0.18,671
945,39.99,17.30,Tunbridge Wells,https://www.rightmove.co.uk/properties/146671139,"£3,500,000","753,588 sq ft",4644.45,19.96,711,4,19.64,473,17875,0.22,707,0.00,0.00,637,1410,0.17,678
946,39.99,0.00,Stevenage,https://www.rightmove.co.uk/properties/159505502,"£2,100,000",Ask agent,0.00,20.00,1,1,19.91,187,2090,0.03,896,0.00,0.00,637,447,0.05,824
947,39.99,0.00,Truro,https://www.rightmove.co.uk/properties/156710189,"£1,200,000",Ask agent,0.00,20.00,1,3,19.73,398,13405,0.16,748,0.00,0.00,637,762,0.09,767
948,39.98,213.25,York,https://www.rightmove.co.uk/properties/162653171,"£2,130,000","9,289,170 sq ft",229.30,20.00,609,1,19.91,187,3815,0.05,864,0.00,0.00,637,181,0.02,916
949,39.97,0.00,Exeter,https://www.rightmove.co.uk/properties/154682996,"£5,450,000",Ask agent,0.00,20.00,1,4,19.64,473,25695,0.31,664,0.00,0.00,637,65,0.01,967
950,39.96,3.31,Newcastle upon Tyne,https://www.rightmove.co.uk/properties/142951802,"£1,150,000","144,184 sq ft",7975.92,19.93,729,1,19.91,187,3295,0.04,876,0.00,0.00,637,690,0.08,777
951,39.96,0.00,Ipswich,https://www.rightmove.co.uk/properties/152115506,"£7,750,000",Ask agent,0.00,20.00,1,1,19.91,187,1120,0.01,913,0.00,0.00,637,316,0.04,862
952,39.96,234.19,Ipswich,https://www.rightmove.co.uk/properties/160846259,"£2,700,000","10,201,316 sq ft",264.67,20.00,628,1,19.91,187,1120,0.01,913,0.00,0.00,637,316,0.04,862
953,39.94,0.00,Shrewsbury,https://www.rightmove.co.uk/properties/149067917,"£1,775,000",Ask agent,0.00,20.00,1,1,19.91,187,1740,0.02,905,0.00,0.00,637,38,0.00,984
954,39.94,16.00,Tunbridge Wells,https://www.rightmove.co.uk/properties/145484888,"£1,950,000","696,960 sq ft",2797.87,19.97,700,2,19.82,316,9970,0.12,789,0.00,0.00,637,149,0.02,928
955,39.92,0.00,Exeter,https://www.rightmove.co.uk/properties/160241699,POA,Ask agent,0.00,20.00,1,1,19.91,187,685,0.01,923,0.00,0.00,637,28,0.00,989
956,39.92,93.12,Exeter,https://www.rightmove.co.uk/properties/155365982,"£1,000,000","4,056,307 sq ft",246.53,20.00,620,1,19.91,187,780,0.01,920,0.00,0.00,637,21,0.00,991
957,39.91,3784.00,Llandudno,https://www.rightmove.co.uk/properties/161308325,"£15,000,000","164,831,040 sq ft",91.00,20.00,568,1,19.91,187,0,0.00,933,0.00,0.00,637,10,0.00,996
958,39.91,0.00,Bristol,https://www.rightmove.co.uk/properties/137823125,"£3,750,000",Ask agent,0.00,20.00,1,2,19.82,316,4470,0.05,858,0.00,0.00,637,273,0.03,871
959,39.90,0.00,Hereford,https://www.rightmove.co.uk/properties/162706184,"£1,000,000",Ask agent,0.00,20.00,1,2,19.82,316,720,0.01,921,0.00,0.00,637,588,0.07,791
959,39.90,0.00,Hereford,https://www.rightmove.co.uk/properties/162706154,"£1,500,000",Ask agent,0.00,20.00,1,2,19.82,316,720,0.01,921,0.00,0.00,637,588,0.07,791
961,39.89,3.67,Tunbridge Wells,https://www.rightmove.co.uk/properties/157766687,"£2,000,000","159,865 sq ft",12510.56,19.89,762,1,19.91,187,3525,0.04,870,0.00,0.00,637,392,0.05,840
962,39.88,0.00,Truro,https://www.rightmove.co.uk/properties/161345525,"£1,750,000",Ask agent,0.00,20.00,1,5,19.56,544,12575,0.15,764,0.00,0.00,637,1372,0.17,683
963,39.86,1.19,Gloucester,https://www.rightmove.co.uk/properties/159203030,"£1,295,000","52,011 sq ft",24898.58,19.78,802,1,19.91,187,8555,0.10,805,0.00,0.00,637,562,0.07,801
964,39.85,0.00,Tunbridge Wells,https://www.rightmove.co.uk/properties/153772166,"£6,500,000",Ask agent,0.00,20.00,1,4,19.64,473,14685,0.18,739,0.00,0.00,637,192,0.02,913
965,39.85,0.00,Carlisle,https://www.rightmove.co.uk/properties/162375494,"£1,900,000",Ask agent,0.00,20.00,1,2,19.82,316,1820,0.02,902,0.00,0.00,637,14,0.00,995
966,39.84,119.37,Worcester,https://www.rightmove.co.uk/properties/161495966,"£1,435,000","5,199,757 sq ft",275.97,20.00,637,2,19.82,316,1090,0.01,916,0.00,0.00,637,85,0.01,961
967,39.82,0.02,London,https://www.rightmove.co.uk/properties/161909987,"£1,600,000",840 sq ft,1904761.90,2.97,1007,95,11.56,991,1149590,14.00,16,21411.11,11.01,145,2300,0.28,615
968,39.79,0.90,Stevenage,https://www.rightmove.co.uk/properties/160839092,"£1,495,000","39,204 sq ft",38133.86,19.66,826,1,19.91,187,8125,0.10,812,0.00,0.00,637,972,0.12,740
969,39.77,0.82,Peterborough,https://www.rightmove.co.uk/properties/137462414,"£1,000,000","35,719 sq ft",27996.30,19.75,812,1,19.91,187,6145,0.07,835,0.00,0.00,637,262,0.03,876
970,39.76,316.00,Chelmsford,https://www.rightmove.co.uk/properties/87149805,"£3,250,000","13,764,960 sq ft",236.11,20.00,615,3,19.73,398,1105,0.01,915,0.00,0.00,637,123,0.01,940
971,39.75,1.20,Stevenage,https://www.rightmove.co.uk/properties/154220828,"£1,695,000","52,272 sq ft",32426.54,19.71,819,1,19.91,187,3455,0.04,872,0.00,0.00,637,715,0.09,770
972,39.66,0.00,Taunton,https://www.rightmove.co.uk/properties/160028717,"£1,350,000",Ask agent,0.00,20.00,1,5,19.56,544,4895,0.06,848,0.00,0.00,637,352,0.04,850
973,39.65,2.90,Newport,https://www.rightmove.co.uk/properties/160661315,"£1,500,000","126,324 sq ft",11874.23,19.89,755,3,19.73,398,0,0.00,933,0.00,0.00,637,207,0.03,906
974,39.61,0.16,Leicester,https://www.rightmove.co.uk/properties/158846147,"£1,600,000","7,067 sq ft",226404.41,17.98,924,2,19.82,316,56365,0.69,539,0.00,0.00,637,9287,1.13,322
975,39.28,0.68,Slough,https://www.rightmove.co.uk/properties/160977257,"£9,950,000","29,418 sq ft",338228.30,16.98,953,0,20.00,1,135955,1.66,360,0.00,0.00,637,5360,0.65,462
976,39.28,0.27,York,https://www.rightmove.co.uk/properties/146742833,"£1,000,000","11,840 sq ft",84459.46,19.25,864,1,19.91,187,4005,0.05,861,0.00,0.00,637,635,0.08,785
977,39.26,0.68,Slough,https://www.rightmove.co.uk/properties/161000945,"£9,950,000","29,418 sq ft",338228.30,16.98,953,0,20.00,1,134200,1.63,364,0.00,0.00,637,5360,0.65,462
978,39.16,0.37,Nottingham,https://www.rightmove.co.uk/properties/157743386,"£1,500,000","16,000 sq ft",93750.00,19.16,871,1,19.91,187,4715,0.06,851,0.00,0.00,637,262,0.03,876
979,39.00,0.11,Leicester,https://www.rightmove.co.uk/properties/147572225,"£1,000,000","5,000 sq ft",200000.00,18.21,915,1,19.91,187,62550,0.76,514,0.00,0.00,637,973,0.12,739
980,38.93,0.08,Medway,https://www.rightmove.co.uk/properties/160331186,"£1,250,000","3,617 sq ft",345590.27,16.91,957,3,19.73,398,173920,2.12,290,0.00,0.00,637,1403,0.17,679
981,38.88,0.23,IM1 1BG,https://www.rightmove.co.uk/properties/153861728,"£1,250,000","10,000 sq ft",125000.00,18.88,882,0,20.00,1,0,0.00,933,0.00,0.00,637,0,0.00,997
982,38.83,0.23,Leicester,https://www.rightmove.co.uk/properties/161317373,"£1,250,000","9,892 sq ft",126364.74,18.87,883,2,19.82,316,5655,0.07,843,0.00,0.00,637,584,0.07,795
983,38.83,0.22,York,https://www.rightmove.co.uk/properties/161222762,"£1,250,000","9,718 sq ft",128627.29,18.85,885,1,19.91,187,4340,0.05,859,0.00,0.00,637,91,0.01,955
984,38.72,0.13,York,https://www.rightmove.co.uk/properties/161089907,"£1,100,000","5,450 sq ft",201834.86,18.20,916,2,19.82,316,37740,0.46,605,0.00,0.00,637,1963,0.24,634
985,38.43,0.13,Llandudno,https://www.rightmove.co.uk/properties/126884054,"£1,500,000","5,780 sq ft",259515.57,17.68,934,0,20.00,1,0,0.00,933,0.00,0.00,637,6158,0.75,429
986,37.62,0.17,London,https://www.rightmove.co.uk/properties/159507407,"£7,500,000","7,394 sq ft",1014335.95,10.93,997,117,9.60,996,218049,2.65,254,24400.00,12.54,53,15520,1.89,184
987,37.59,0.15,Southampton,https://www.rightmove.co.uk/properties/161205056,"£2,150,000","6,436 sq ft",334058.42,17.01,951,2,19.82,316,60925,0.74,522,0.00,0.00,637,74,0.01,964
988,37.48,0.09,Coventry,https://www.rightmove.co.uk/properties/158978699,"£1,200,000","4,000 sq ft",300000.00,17.32,948,0,20.00,1,10740,0.13,782,0.00,0.00,637,220,0.03,897
989,37.15,0.10,Warrington,https://www.rightmove.co.uk/properties/149595365,"£1,300,000","4,201 sq ft",309450.13,17.23,950,2,19.82,316,4505,0.05,857,0.00,0.00,637,281,0.03,869
990,37.13,0.08,Exeter,https://www.rightmove.co.uk/properties/162366872,"£1,200,000","3,592 sq ft",334075.72,17.01,952,1,19.91,187,14210,0.17,742,0.00,0.00,637,254,0.03,880
991,36.40,0.38,London,https://www.rightmove.co.uk/properties/160150751,"£20,000,000","16,460 sq ft",1215066.83,9.14,1000,164,5.42,1001,760806,9.26,39,24315.38,12.50,61,575,0.07,796
992,36.40,0.06,London,https://www.rightmove.co.uk/properties/159404468,"£2,800,000","2,409 sq ft",1162308.01,9.61,999,194,2.76,1003,854670,10.41,29,22641.67,11.64,96,16287,1.98,163
993,36.07,0.05,Redhill,https://www.rightmove.co.uk/properties/159612434,"£1,000,000","2,390 sq ft",418410.04,16.26,966,9,19.20,717,44855,0.55,581,0.00,0.00,637,551,0.07,804
994,35.72,0.06,Norwich,https://www.rightmove.co.uk/properties/158164382,"£1,200,000","2,534 sq ft",473559.59,15.77,970,1,19.91,187,1410,0.02,909,0.00,0.00,637,211,0.03,904
995,35.67,0.20,Reading,https://www.rightmove.co.uk/properties/153419846,"£5,500,000","8,611 sq ft",638717.92,14.29,980,0,20.00,1,16185,0.20,722,0.00,0.00,637,9678,1.18,313
996,35.32,0.12,Taunton,https://www.rightmove.co.uk/properties/162718058,"£2,750,000","5,212 sq ft",527628.55,15.28,973,0,20.00,1,1810,0.02,903,0.00,0.00,637,123,0.01,940
997,34.68,0.14,Norwich,https://www.rightmove.co.uk/properties/147074879,"£5,500,000","6,130 sq ft",897226.75,11.98,992,3,19.73,398,222250,2.71,250,0.00,0.00,637,2168,0.26,619
998,34.31,0.04,Harrogate,https://www.rightmove.co.uk/properties/159278384,"£1,100,000","1,704 sq ft",645539.91,14.23,982,0,20.00,1,515,0.01,925,0.00,0.00,637,596,0.07,789
999,34.29,0.05,Shrewsbury,https://www.rightmove.co.uk/properties/150298562,"£1,500,000","2,293 sq ft",654164.85,14.15,984,0,20.00,1,0,0.00,933,0.00,0.00,637,1145,0.14,712
1000,34.03,0.07,Torquay,https://www.rightmove.co.uk/properties/160828427,"£4,650,000","3,173 sq ft",1465490.07,6.90,1006,5,19.56,544,79195,0.96,465,12800.00,6.58,539,201,0.02,908
1001,33.34,0.08,Exeter,https://www.rightmove.co.uk/properties/159383459,"£2,730,000","3,547 sq ft",769664.51,13.12,987,0,20.00,1,1305,0.02,912,0.00,0.00,637,1652,0.20,652
1002,32.07,0.03,Shrewsbury,https://www.rightmove.co.uk/properties/150818105,"£1,100,000","1,228 sq ft",895765.47,11.99,991,0,20.00,1,0,0.00,933,0.00,0.00,637,656,0.08,782
1003,30.59,0.10,Peterborough,https://www.rightmove.co.uk/properties/162009386,"£4,875,000","4,436 sq ft",1098963.03,10.18,998,0,20.00,1,32370,0.39,623,0.00,0.00,637,170,0.02,920
1004,29.71,0.07,Guildford,https://www.rightmove.co.uk/properties/141064610,"£4,000,000","3,013 sq ft",1327580.48,8.13,1005,2,19.82,316,141775,1.73,341,0.00,0.00,637,254,0.03,880
1005,29.59,0.24,Worcester,https://www.rightmove.co.uk/properties/160481636,"£13,250,000","10,284 sq ft",1288409.18,8.48,1003,4,19.64,473,38770,0.47,599,0.00,0.00,637,8174,0.99,353
1006,28.94,0.02,Chelmsford,https://www.rightmove.co.uk/properties/162363512,"£1,250,000",949 sq ft,1317175.97,8.23,1004,5,19.56,544,59340,0.72,524,0.00,0.00,637,3556,0.43,551
1007,28.55,0.08,Exeter,https://www.rightmove.co.uk/properties/159182504,"£4,500,000","3,553 sq ft",1266535.32,8.68,1002,2,19.82,316,2575,0.03,886,0.00,0.00,637,146,0.02,929
1008,25.76,0.03,Ipswich,https://www.rightmove.co.uk/properties/161730329,"£2,750,000","1,229 sq ft",2237591.54,0.00,1008,1,19.91,187,53765,0.65,547,9400.00,4.83,598,2964,0.36,570
